sku_cd,actual_qty,ma4_wape,seasonal_wape
MWPAATN04CO001,14254.0,0.767258313455872,0.9901080398484636
MWPDSLR04CO001,2398.0,0.6332360300250208,1.152627189324437
MWPFSMT03CO001,2531.0,0.5883050177795338,0.8360331884630581
MWPCSVI01CO001,2666.0,0.6931732933233309,0.7063015753938484
MWPFSMT03QH001,3357.0,0.7930443848674412,0.7930443848674412
MWBAASE03CO001,917.0,0.6957470010905126,3.1657579062159216
MWBESEA01CO001,1411.0,0.6541459957476967,0.959603118355776
MWPAATN04I8001,1078.0,0.6753246753246753,1.0760667903525047
MMKEAVE15CO001,657.0,0.2404870624048706,2.3835616438356166
MWPFSMT06PZ001,747.0,0.25502008032128515,1.2583668005354753
MWPAATN04BK001,809.0,0.7639060568603214,0.5599505562422744
MWPGSLR03CO001,865.0,0.39508670520231215,0.39508670520231215
MWPDSLR02BK001,488.0,0.6147540983606558,1.0430327868852458
MWPFSMT03PZ001,684.0,0.3333333333333333,0.7324561403508771
MWRAAME01CO001,819.0,0.5592185592185592,0.6410256410256411
MWPCSVI01BK001,396.0,0.6338383838383839,1.8055555555555556
MWSGSTA02CO001,1259.0,1.039714058776807,1.039714058776807
MWRGSTA02CO001,701.0,0.3630527817403709,0.3630527817403709
MWPEALR01QH001,522.0,1.4636015325670497,1.049808429118774
MWPESAC02I9001,692.0,0.846820809248555,1.4985549132947977
MMKEAVE14CO001,367.0,0.20435967302452315,0.8910081743869209
MWBFAEA03CO001,326.0,0.5276073619631901,0.5276073619631901
MWPGSLR02CO001,499.0,0.23947895791583165,0.23947895791583165
MWPCSVI01XC001,16.0,3.5,21.875
MWPCSVI01I8001,241.0,0.6265560165975104,1.4439834024896265
MWHESTA01CO001,384.0,0.3723958333333333,0.4375
MMKEAVE16CO001,371.0,0.21024258760107817,0.39892183288409705
MWPAATN03CO001,1090.0,0.9055045871559633,0.7963302752293578
MPFFAMM03PK001,63.0,0.2857142857142857,0.2857142857142857
MMKFAVE13QH001,405.0,1.1944444444444444,1.1944444444444444
MPFFAMM04CO001,172.0,1.058139534883721,1.058139534883721
MWPFSLR07PZ001,191.0,0.5418848167539267,4.193717277486911
MWPEALR05CO001,205.0,0.3048780487804878,0.975609756097561
MPFBSMM01CO001,234.0,0.23076923076923078,0.28205128205128205
MMKEAVE15PZ001,272.0,0.20955882352941177,0.5404411764705882
MPFFSMM12CO001,131.0,0.7938931297709924,1.618320610687023
MWTFATA01CO001,209.0,0.5885167464114832,0.5885167464114832
MYZAAVI02CO001,21.0,0.6190476190476191,11.285714285714286
MWPFSMT03BK001,246.0,0.40752032520325204,0.40752032520325204
MWBESEA09CO001,409.0,0.9755501222493888,0.5770171149144254
MXBAAVI03CO001,310.0,0.38064516129032255,0.35161290322580646
MWPESAC03I9001,225.0,0.7511111111111111,0.47555555555555556
MPFESMM02PK001,120.0,2.075,1.3083333333333333
MWPFSLR03PZ001,168.0,0.5357142857142857,2.988095238095238
MWBESEA09P6001,307.0,0.9315960912052117,0.9120521172638436
MMKEAVE15IG001,185.0,0.22702702702702704,1.7891891891891891
MWRGSTA02PZ001,230.0,0.44565217391304346,0.44565217391304346
MXZEATT04CO001,23.0,0.6086956521739131,17.565217391304348
MWRBAWO05CO001,34.0,0.6176470588235294,23.08823529411765
MWHESTA02CO001,80.0,0.65,2.25
MWKFATA02CO001,168.0,0.5386904761904762,0.5386904761904762
MPFFSMM07CO001,154.0,0.2662337662337662,1.1233766233766234
MMKEAVE12BK001,218.0,0.24311926605504589,0.3302752293577982
MPFBSMM02CO001,225.0,0.3022222222222222,0.9644444444444444
MPFESMM04PK001,180.0,0.45555555555555555,1.25
MWRESAC02CO001,309.0,0.9644012944983819,0.7346278317152104
MWRAAVI01CO001,180.0,0.5055555555555555,0.31666666666666665
MWPESAC03CO001,204.0,0.7843137254901961,0.9117647058823529
MYSFSTA02CO001,203.0,0.22413793103448276,0.35960591133004927
MEEFSMM04CO001,196.0,0.5,0.9642857142857143
MMKEAVE14BK001,186.0,0.22849462365591397,0.44086021505376344
MXZAAVI08CO001,143.0,0.3146853146853147,1.7762237762237763
MPFFAMM02T1001,24.0,0.7083333333333334,0.7083333333333334
MMKEAVE16PZ001,154.0,0.2922077922077922,0.7077922077922078
MXBAAVI08BK001,183.0,0.2814207650273224,0.3825136612021858
MWPGSLR03PZ001,182.0,0.22252747252747251,0.22252747252747251
MWRGSXT01CO001,125.0,0.288,0.288
MWPFAMT08K8001,100.0,0.4575,0.4575
MWREATA01CO001,162.0,0.4567901234567901,0.8827160493827161
MWKFATA02PZ001,129.0,0.23255813953488372,0.23255813953488372
MWPFSLR07K8001,33.0,0.6666666666666666,0.6666666666666666
MPFBSMM03CO001,89.0,0.2808988764044944,2.797752808988764
MWPGSTA02CO001,363.0,0.5344352617079889,0.5344352617079889
MWPFSLR03K8001,49.0,0.673469387755102,0.673469387755102
MWPFAMT081F001,334.0,0.7035928143712575,0.6976047904191617
MWPEALR05BK001,73.0,0.6438356164383562,0.7808219178082192
MWPEAMT06CO001,138.0,0.43478260869565216,0.6376811594202898
MWTFATA02CO001,122.0,0.26639344262295084,0.26639344262295084
MMKEAVE15BK001,158.0,0.23734177215189872,0.41139240506329117
MMKEAVE12CO001,176.0,0.35795454545454547,0.5
MYZAAVI021F001,360.0,0.8055555555555556,1.011111111111111
MWPGSLR02PZ001,111.0,0.6238738738738738,0.6238738738738738
MWBESEA01PZ001,155.0,0.4,1.7806451612903227
MMRFSTA05CO001,147.0,0.7006802721088435,0.5102040816326531
MWRFSXT01CO001,138.0,0.36231884057971014,0.5
MMZAAFI01CO001,166.0,0.3885542168674699,0.25903614457831325
MESCAMM11CO039,246.0,0.3008130081300813,0.4349593495934959
MPFFSMM03PK001,78.0,2.230769230769231,11.282051282051283
MWPFSLR031F001,134.0,0.373134328358209,0.373134328358209
MWPFSMT02CO001,8.0,3.125,74.25
MMKFAVE101F001,276.0,0.7590579710144928,0.5942028985507246
MWPFATA05BK001,66.0,0.7386363636363636,0.7386363636363636
MXBAAVI08CO001,49.0,0.8367346938775511,2.673469387755102
MWPCSVI02XC001,6.0,1.0,11.333333333333334
MWPFATA05CO001,3.0,1.6666666666666667,1.6666666666666667
MMRBSME03CO001,75.0,1.0266666666666666,0.7333333333333333
MPFFSMM05CO001,84.0,0.36904761904761907,1.1428571428571428
MWPGSLR03BK001,127.0,0.2795275590551181,0.2795275590551181
MMZAAFI04CO001,122.0,0.5573770491803278,0.30327868852459017
MWPFSMT02BK001,66.0,0.42803030303030304,0.42803030303030304
MWPGSLR04CO001,107.0,0.5350467289719626,0.5350467289719626
MXCAAVI02BK001,111.0,0.24324324324324326,0.5225225225225225
MWRGSXT02CO001,185.0,0.527027027027027,0.527027027027027
MPFESMM03PK001,128.0,0.6484375,0.6015625
MESCAMM11CO040,223.0,0.3632286995515695,0.48878923766816146
MEZCAMM17CO0ML,91.0,0.2857142857142857,0.6703296703296703
MWPCSVI02CO001,108.0,0.2962962962962963,0.7777777777777778
MMZAAFI04BK001,116.0,0.6551724137931034,0.5344827586206896
MXZAAVI09CO001,130.0,0.7846153846153846,0.5307692307692308
MWPGSLR02BK001,128.0,0.361328125,0.361328125
MWRESAK02CO001,21.0,0.6190476190476191,3.6666666666666665
MXBAAVI03BK001,182.0,0.27197802197802196,0.2692307692307692
MXBAAVI03WT001,3.0,1.0,33.666666666666664
MPFDSMM03BK001,19.0,0.7894736842105263,11.0
MYZFSTA01BK001,100.0,0.49,0.68
MWSESTA03BK001,89.0,0.7752808988764045,2.247191011235955
MYZAAVI02BK001,3.0,2.5,45.333333333333336
MWDGSDU03CO001,83.0,0.7349397590361446,0.7349397590361446
MWTCABO07CO001,110.0,0.41818181818181815,0.8181818181818182
MWTEATA01CO001,6.0,8.0,30.166666666666668
MYLFSTA01CO001,136.0,0.2647058823529412,0.35294117647058826
MWKFATA01CO001,101.0,0.2623762376237624,0.2623762376237624
MWTEATA02CO001,15.0,0.8,11.666666666666666
MESGSMM05CO039,395.0,0.8354430379746836,0.8354430379746836
MWTEATA01BK001,19.0,0.7894736842105263,4.421052631578948
MWPEALR06CO001,24.0,0.5833333333333334,6.416666666666667
MWPFAMT071F001,359.0,0.8788300835654597,1.1643454038997214
MPFDAMM10T1001,1.0,3.5,146.0
MMZAAFI01BK001,122.0,0.4016393442622951,0.5163934426229508
MWBFAEA031F001,301.0,0.7275747508305648,0.7807308970099668
MESGSMM05CO040,366.0,0.819672131147541,0.819672131147541
MXBFSCJ06XC001,188.0,0.43882978723404253,0.4574468085106383
MWDESDU03CO001,12.0,0.75,18.583333333333332
MPFDSMM04BK001,20.0,0.7,14.3
MMKEAVE17PZ001,114.0,0.4473684210526316,0.4473684210526316
MPFFSMM04CO001,75.0,0.26666666666666666,1.7066666666666668
MESCAMM11CO038,183.0,0.28415300546448086,0.5573770491803278
MWTESAC01I9001,55.0,4.781818181818182,4.090909090909091
MXADATA08BK001,104.0,0.20192307692307693,0.2980769230769231
MXSAAVI04CO001,5.0,1.1,15.2
MMRFAAK02CO001,76.0,0.42105263157894735,0.42105263157894735
MWBESEA07CO001,12.0,1.9583333333333333,11.583333333333334
MXADATA08CO001,101.0,0.4207920792079208,0.33663366336633666
MMTAAKC02CO001,129.0,0.4806201550387597,1.248062015503876
MXZFATT09CO001,40.0,0.75,0.75
MXSFATA04BK001,69.0,0.4782608695652174,0.4782608695652174
MWBGSEA08I8001,228.0,0.618421052631579,0.618421052631579
MWHFSAC02P6001,55.0,2.9272727272727272,2.1454545454545455
MXCAAVI02CO001,96.0,0.2708333333333333,0.375
MWPESAC02P6001,39.0,2.4615384615384617,1.8461538461538463
MEFDAMM11CO001,224.0,0.9888392857142857,0.96875
MXSAAVI01BK001,50.0,0.48,1.2
MYSESXT01CO001,134.0,0.4253731343283582,0.5597014925373134
MYLFSAC03P6001,43.0,2.9069767441860463,1.5348837209302326
MXBCATA02BK001,135.0,0.34074074074074073,0.4962962962962963
MWHESTA01BK001,85.0,0.4823529411764706,0.8588235294117647
MMRAAKC02CO001,97.0,0.36082474226804123,0.8556701030927835
MMRAAKC02BK001,59.0,0.7033898305084746,1.4067796610169492
MWTESAC01P6001,10.0,12.5,20.8
MWBFAEA03PZ001,73.0,0.21232876712328766,0.21232876712328766
MWPFATA04FP001,13.0,3.326923076923077,3.326923076923077
MESGSMM05CO038,296.0,0.7736486486486487,0.7736486486486487
MMZFAFI021F001,238.0,0.8760504201680672,0.7899159663865546
MXAFATA02K8001,75.0,0.36,0.36
MWRFAXT02CO001,219.0,0.7351598173515982,0.7351598173515982
MWPESAC03P6001,114.0,1.0789473684210527,0.7982456140350878
MPFDSMM02BK001,4.0,4.25,32.0
MXZEATT04BK001,8.0,1.0,12.625
MXZESAC06VC001,2.0,2.0,3.5
MWPFSAC02IN001,76.0,1.269736842105263,0.8157894736842105
MEXCAMM17BK043,117.0,0.38461538461538464,0.2905982905982906
MWPDALR01CO001,73.0,0.2465753424657534,3.356164383561644
MXBFACJ011F001,107.0,0.4953271028037383,1.0373831775700935
MWPFSLR071F001,79.0,0.46835443037974683,0.46835443037974683
MXEGSTA16CO001,38.0,0.4473684210526316,0.4473684210526316
MWBESEA01BK001,111.0,0.3333333333333333,0.42342342342342343
MXSAAVI04BK001,2.0,3.0,64.0
MWBFAEA03BK001,75.0,0.38,0.38
MPFFSMM01CO001,32.0,0.40625,8.78125
MWBESEA09I9001,22.0,2.590909090909091,0.6818181818181818
MYLFSAC03CO001,117.0,1.4957264957264957,1.1196581196581197
MYZEAAK04CO001,11.0,3.3181818181818183,7.545454545454546
MWPGSLR05CO001,92.0,0.266304347826087,0.266304347826087
MEXCAMM17BK044,90.0,0.4666666666666667,0.6333333333333333
MWPGSTA02I8001,175.0,0.46285714285714286,0.46285714285714286
MXBFSCJ07XC001,58.0,3.5,0.8620689655172413
MWPFAMT07K8001,44.0,0.5965909090909091,0.5965909090909091
MYAESXT02CO001,91.0,0.5054945054945055,0.6483516483516484
MWREAXT06CO001,92.0,0.44565217391304346,0.8152173913043478
MYSFSTA02BK001,139.0,0.539568345323741,0.7266187050359713
MWRBAWO05BK001,10.0,0.8,11.9
MXBAAVI01BK001,43.0,0.9418604651162791,1.255813953488372
MPFEAMM05BK001,71.0,0.5492957746478874,1.2112676056338028
MYZFATA02BK001,38.0,0.6710526315789473,0.6710526315789473
MYLAAVI03CO001,65.0,0.4153846153846154,0.3384615384615385
MWRFAXT01PZ001,48.0,0.5,0.5
MWPCSVI02BK001,62.0,1.2258064516129032,0.3225806451612903
MEXCAMM17BK042,97.0,0.211340206185567,0.26804123711340205
MWHFSAC02I9001,7.0,1.0,29.0
MMKEAVE15WT001,91.0,0.5384615384615384,0.6043956043956044
