week,observed,trend,seasonal,residual,residual_z,residual_anomaly
2022-01-03,5874.0,12655.152404179571,3645.4663049018777,-10426.61870908145,-3.7105133418110032,True
2022-01-10,12252.0,12661.150783708736,-351.0893593056382,-58.06142440309668,-0.1864253918476709,False
2022-01-17,14454.0,12667.177693315765,1810.3581245996652,-23.535817915430016,-0.17469075312718507,False
2022-01-24,12346.0,12673.233311976162,-707.0159649264608,379.78265295029814,-0.03760998825781864,False
2022-01-31,11183.0,12679.317691271006,-2100.746931325719,604.4292400547129,0.038743385589564694,False
2022-02-07,11034.0,12685.430081739101,-1782.6963403444258,131.26625860532477,-0.12207628444867048,False
2022-02-14,14398.0,12691.568665958688,1833.4039786794162,-126.97264463810461,-0.20984708824957243,False
2022-02-21,11771.0,12697.731189709997,-889.3282644131207,-37.402925296875765,-0.1794039359434689,False
2022-02-28,13607.0,12703.915446982739,843.6156134981686,59.4689395190926,-0.14647891444670808,False
2022-03-07,11812.0,12710.119211872412,-1165.614988279968,267.49577640755524,-0.07577429768860518,False
2022-03-14,12754.0,12716.34000568028,357.29535403318357,-319.6353597134639,-0.2753297136489223,False
2022-03-21,11654.0,12722.57497773702,-1743.187890429727,674.6129126927062,0.06259756589999313,False
2022-03-28,11039.0,12728.821298872448,-2273.1642191186725,583.3429202462248,0.031576521048441504,False
2022-04-04,10414.0,12735.075200433448,-1759.10944232321,-561.9657581102383,-0.3576934999938012,False
2022-04-11,10874.0,12741.332076886352,-1935.9209201793408,68.5888432929878,-0.14337922158568664,False
2022-04-18,9579.0,12747.587630341137,-3050.072665229151,-118.51496511198638,-0.20697247361570348,False
2022-04-25,12233.0,12753.83754656672,-434.97387588623616,-85.86367068048276,-0.19587488018032745,False
2022-05-02,11747.0,12760.077534021148,-565.8584971026869,-447.2190369184609,-0.318693133178324,False
2022-05-09,12604.0,12766.303447672408,131.26094912035956,-293.5643967927681,-0.2664686576938637,False
2022-05-16,11052.0,12772.511653369987,-1540.1678183526396,-180.34383501734737,-0.22798700528206273,False
2022-05-23,18382.0,12778.698966035316,5412.444921706236,190.85611225844877,-0.10182275452803531,False
2022-05-30,14897.0,12784.862406422186,2472.899833325072,-360.7622397472569,-0.28930800767453835,False
2022-06-06,15471.0,12790.998912707199,2857.7556754452235,-177.754588152422,-0.22710696638893269,False
2022-06-13,12645.0,12797.105813071972,152.61932031788697,-304.72513338985846,-0.2702619932828604,False
2022-06-20,17058.0,12803.18085872642,4510.748601683769,-255.92946041018877,-0.25367721312138974,False
2022-06-27,12813.0,12809.222347667694,338.2866772731389,-334.5090249408331,-0.2803850075495516,False
2022-07-04,29765.0,12815.229192162571,-810.8002308551902,17760.571038692622,5.869810420323862,True
2022-07-11,11587.0,12821.200973967385,-1225.873344591627,-8.32762937575717,-0.16952176071079278,False
2022-07-18,14319.0,12827.1376626686,1146.6598157599806,345.2025215714202,-0.04936315901770155,False
2022-07-25,12015.0,12833.039473696459,-830.4284043965267,12.388930700068158,-0.16248057091712784,False
2022-08-01,14685.0,12838.906568174307,1821.7963710159574,24.29706080973665,-0.15843320958479568,False
2022-08-08,11952.0,12844.739338068406,-348.3790309299119,-544.360307138495,-0.35170972077363216,False
2022-08-15,10135.0,12850.538703527003,-2339.0291363401693,-376.509567186833,-0.2946602438005751,False
2022-08-22,9648.0,12856.306881732093,-2884.231714144424,-324.07516758766906,-0.2768387252693489,False
2022-08-29,11227.0,12862.047601091901,-1409.3849951990849,-225.66260589281592,-0.24339004834432057,False
2022-09-05,8482.0,12867.766228691762,-4435.593965627895,49.82773693613308,-0.14975578748824203,False
2022-09-12,9922.0,12873.46980822483,-3298.329776413021,346.8599681881915,-0.04879982243291917,False
2022-09-19,12445.0,12879.166753550808,-326.63371789615377,-107.53303565465467,-0.2032399113888333,False
2022-09-26,11113.0,12884.86663000499,-2228.696187508387,456.82955750339715,-0.01142311765830165,False
2022-10-03,9290.0,12890.580740970354,-3582.4437266196533,-18.137014350701065,-0.17285579595191877,False
2022-10-10,9616.0,12896.321793221583,-3685.749222205939,405.4274289843561,-0.028893785634848262,False
2022-10-17,10066.0,12902.104534722634,-2855.091392563714,18.986857841080564,-0.16023805299549404,False
2022-10-24,8855.0,12907.945661700305,-4071.925432784987,18.979771084681488,-0.1602404616577741,False
2022-10-31,8105.0,12913.864786880082,-4560.503210821509,-248.3615760585726,-0.2511050240194732,False
2022-11-07,23184.0,12919.885443243422,6197.461272462439,4066.6532842941397,1.2154916736476538,False
2022-11-14,18705.0,12926.036446569786,5887.090069671338,-108.12651624112368,-0.20344162486987885,False
2022-11-21,11563.0,12932.352336873482,-1721.447580452582,352.0952435791005,-0.047020445571385606,False
2022-11-28,19160.0,12938.873398581589,5786.116192839988,435.01040857842236,-0.01883905776393076,False
2022-12-05,14211.0,12945.64263788756,914.1455074293532,351.21185468308613,-0.04732069372338028,False
2022-12-12,20428.0,12952.699592230607,7010.442367148441,464.85804062095303,-0.008694379239421379,False
2022-12-19,21912.0,12960.068369937444,8802.515614138469,149.41601592408733,-0.115907505195618,False
2022-12-26,21246.0,12964.32409881036,7832.116669818081,449.55923137155696,-0.013894172021031765,False
2023-01-02,20645.0,12968.068123677842,4559.515080045683,3117.416796276475,0.8928630979217167,False
2023-01-09,12635.0,12971.192304702085,-832.8596122216153,496.66730751953037,0.0021170240345994326,False
2023-01-16,13204.0,12973.589096324391,56.47583404332056,173.93506963228901,-0.10757391554132138,False
2023-01-23,11274.0,12975.154801200544,-1447.8532743332871,-253.30152686725705,-0.25278402531544153,False
2023-01-30,9002.0,12975.811482783478,-2754.3493936948435,-1219.4620890886345,-0.5811647924338803,False
2023-02-06,10801.0,12975.507584825758,-1715.6893859242373,-458.8181989015211,-0.3226354817473557,False
2023-02-13,13055.0,12974.224068145018,-375.48622980549465,456.2621616604756,-0.011615965399602537,False
2023-02-20,11764.0,12971.951581500074,-1339.0165040174934,131.0649225174202,-0.12214471499901577,False
2023-02-27,9763.0,12968.711592609483,-491.8081761408251,-2713.903416468658,-1.0890987825878946,False
2023-03-06,8817.0,12964.553462285894,-1591.6041262437004,-2555.949336042193,-1.035413003921175,False
2023-03-13,12657.0,12959.520694481615,-966.2958486399269,663.775154158313,0.05891400480204695,False
2023-03-20,8718.0,12953.670418652373,-2915.3702875276817,-1320.3001311246917,-0.6154378469274197,False
2023-03-27,9083.0,12947.07211513834,-2669.5057001359214,-1194.5664150024186,-0.5727031962209632,False
2023-04-03,11546.0,12939.788185404226,-1919.840411644212,526.0522262399863,0.012104434542176452,False
2023-04-10,9890.0,12931.892995858003,-2726.8559813999927,-315.03701445801016,-0.27376681799626845,False
2023-04-17,13777.0,12923.470154697314,-2262.5933925113695,3116.1232378140558,0.8924234404395016,False
2023-04-24,12496.0,12914.617075765711,-1016.8144584627607,598.1973826970498,0.03662528826733804,False
2023-05-01,12949.0,12905.450794713533,-1094.7372881938363,1138.286493480302,0.22019195766600297,False
2023-05-08,13055.0,12896.096115873235,-850.775467594458,1009.6793517212227,0.17648068076327264,False
2023-05-15,17066.0,12886.661287044066,-1393.7998767373108,5573.138589693244,1.7275191974188653,False
2023-05-22,18466.0,12877.21383954277,5881.322883022078,-292.5367225648479,-0.2661193695273747,False
2023-05-29,15591.0,12867.790429139277,2102.47563933958,620.733931521143,0.044285059821294485,False
2023-06-05,28547.0,12858.407693663465,2729.8611409734017,12958.731165363135,4.2377505714324695,True
2023-06-12,15443.0,12849.081651889202,219.794861647706,2374.1234864630915,0.640230940478516,False
2023-06-19,19457.0,12839.810960704915,3851.442120193667,2765.746919101417,0.7733367701510203,False
2023-06-26,13946.0,12830.578373322804,836.0685298637337,279.3530968134619,-0.07174420566962607,False
2023-07-03,11714.0,12821.388262609165,-910.1250443529613,-197.2632182562047,-0.23373760229915955,False
2023-07-10,18647.0,12812.265697151564,-1973.9750717925067,7808.709374640941,2.4873498901774522,False
2023-07-17,11783.0,12803.261067148307,-519.2252807447795,-501.0357864035268,-0.33698448781517104,False
2023-07-24,13622.0,12794.441274219449,-1788.656988119099,2616.21571389965,0.7225137767560054,False
2023-07-31,17740.0,12785.877209616847,370.45519621555,4583.667594167604,1.3912156291950724,False
2023-08-07,12901.0,12777.622798863438,-893.640546978032,1017.0177481145947,0.1789748709955195,False
2023-08-14,11118.0,12769.707971700334,-2440.347681560092,788.6397098597572,0.1013532433618053,False
2023-08-21,11386.0,12762.136719102533,-2207.5573725826016,831.4206534800687,0.11589372414047494,False
2023-08-28,13402.0,12754.887849784918,187.57041524745688,459.5417349676245,-0.010501296843946933,False
2023-09-04,9711.0,12747.937948981582,-3212.2255328089477,175.2875838273667,-0.10711422005561762,False
2023-09-11,8612.0,12741.254959342346,-3254.8228055834993,-874.4321537588476,-0.46389526263448455,False
2023-09-18,8495.0,12734.79518374572,-811.3863661785281,-3428.4088175671914,-1.331946442591267,False
2023-09-25,9799.0,12728.517022068127,-2391.5931853422726,-537.9238367258531,-0.3495220791183167,False
2023-10-02,9518.0,12722.375888096563,-3293.088872197501,88.71298410093732,-0.13653938454978023,False
2023-10-09,8630.0,12716.357191878991,-3086.443390321889,-999.9138015571025,-0.5065442398071165,False
2023-10-16,10269.0,12710.461682099713,1901.9421016509168,-4343.403783750629,-1.6429369349106804,False
2023-10-23,8198.0,12704.677156035048,-1019.4759771877602,-3487.2011788472882,-1.3519289190581951,False
2023-10-30,12984.0,12698.979567173908,-219.5213047850214,504.5417376111127,0.00479340257374108,False
2023-11-06,35756.0,12693.349594116522,4716.141334008103,18346.509071875378,6.068960321845443,True
2023-11-13,22489.0,12687.752749082752,6907.635611275628,2893.6116396416182,0.8167957113044838,False
2023-11-20,12025.0,12682.150233380911,-63.235793806835545,-593.914439574075,-0.3685522877954849,False
2023-11-27,16480.0,12676.509966379559,4559.171789432976,-755.6817558125349,-0.42353411739836283,False
2023-12-04,14137.0,12670.817416720847,2034.831413387125,-568.6488301079717,-0.3599649571357463,False
2023-12-11,17653.0,12665.087150436178,5575.98285726542,-588.0700077015972,-0.36656586949535974,False
2023-12-18,22056.0,12659.347957603455,9592.274194931973,-195.62215253542854,-0.23317983328917094,False
2023-12-25,21229.0,12653.645814349908,9471.15350571243,-895.7993200623368,-0.4711575818971905,False
2024-01-01,18146.0,12648.03355794326,5469.672465007278,28.29397704946132,-0.15707472894272595,False
2024-01-08,9646.0,12642.573776235697,-1235.367108686572,-1761.2066675491242,-0.7652941258110264,False
2024-01-15,8436.0,12637.341565562683,-1643.3455181268077,-2557.996047435876,-1.0361086446705579,False
2024-01-22,9806.0,12632.411545834546,-2155.815345096443,-670.596200738104,-0.39461505266051056,False
2024-01-29,11627.0,12627.83197045078,-3449.5350993783068,2448.7031289275274,0.6655792326377222,False
2024-02-05,11609.0,12623.62231634383,-1758.2024213540315,743.5801050102018,0.08603828621583112,False
2024-02-12,9575.0,12619.792125634025,-2564.411652844785,-480.38047278924023,-0.3299641146029417,False
2024-02-19,10925.0,12616.35614845408,-1766.3412734158235,74.98512496174226,-0.1412052393686295,False
2024-02-26,10862.0,12613.310101907227,-1813.6283226646244,62.318220757397285,-0.14551049450145648,False
2024-03-04,9721.0,12610.636270400117,-2039.2224425638187,-850.4138278362971,-0.45573186143622635,False
2024-03-11,10320.0,12608.31417061749,-2260.105932172063,-28.208238445426105,-0.1762788256463245,False
2024-03-18,8539.0,12606.276417038562,-3968.3518760856496,-98.92454095291214,-0.2003140373628911,False
2024-03-25,14331.0,12604.411141617053,-3143.9789551930667,4870.567813576014,1.4887279038828019,False
2024-04-01,11339.0,12602.618619559906,-2142.981451279381,879.3628317194762,0.13218841664105566,False
2024-04-08,9869.0,12600.785907031119,-3551.1935171239375,819.4076100928196,0.11181070465367035,False
2024-04-15,11420.0,12598.807118542318,-1499.7964088289245,320.9892902866068,-0.05759280507719509,False
2024-04-22,9551.0,12596.604410703398,-1536.4735629764884,-1509.1308477269085,-0.6796180442962628,False
2024-04-29,10583.0,12594.115144055477,-1631.6362944761997,-379.47884957927636,-0.2956694500008158,False
2024-05-06,10111.0,12591.29393376837,-1789.3320416728563,-690.9618920955127,-0.40153698842599755,False
2024-05-13,11800.0,12588.122949883758,-1284.7985487428623,496.67559885910487,0.0021198421132463743,False
2024-05-20,13081.0,12584.604707926645,6292.8841121594205,-5796.488820086065,-2.1368146583224767,False
2024-05-27,18537.0,12580.778200092884,1617.1088173593098,4339.112982547807,1.3080958723904474,False
2024-06-03,15791.0,12576.696454055063,2590.8743002778915,623.4292456670446,0.045201149094097524,False
2024-06-10,13459.0,12572.439201488107,282.61887219502484,603.9419263168675,0.03857775632946211,False
2024-06-17,17006.0,12568.104758834585,3048.720472756477,1389.1747684089387,0.3054644138224261,False
2024-06-24,14600.0,12563.789725648727,1283.2076598212052,753.002614530069,0.08924082938029305,False
2024-07-01,11710.0,12559.561418039619,-1136.5372274857996,286.9758094461813,-0.06915338141149177,False
2024-07-08,9820.0,12555.457352597947,-2745.7471236932465,10.289771095300239,-0.16319403787931977,False
2024-07-15,10370.0,12551.482161185053,-1988.5070887368454,-192.97507244820736,-0.2322801379138318,False
2024-07-22,9782.0,12547.59633104886,-2744.596708186772,-20.99962286208938,-0.17382874559992362,False
2024-07-29,8832.0,12543.75316265619,-1079.6246733208468,-2632.128489335344,-1.0613049413226794,False
2024-08-05,11417.0,12539.917235979974,-1882.215079779682,759.2978437997081,0.09138046568670323,False
2024-08-12,12841.0,12536.057419960196,-2807.26130974143,3112.2038897812345,0.8910913238494156,False
2024-08-19,10631.0,12532.143307667888,-1593.6219530310007,-307.5213546368868,-0.2712123790821119,False
2024-08-26,11387.0,12528.14593740927,1608.158562367391,-2749.304499776661,-1.1011309802867717,False
2024-09-02,9806.0,12524.02669819055,-1733.9514214209853,-984.0752767695649,-0.5011610073267947,False
2024-09-09,10115.0,12519.734431919987,-3277.390747408827,872.656315488839,0.1299089912219044,False
2024-09-16,12372.0,12515.22384556903,-1595.2930249730075,1452.0691794039776,0.3268411039271511,False
2024-09-23,9435.0,12510.442908894414,-2093.9627639124,-981.4801449820134,-0.5002789682532786,False
2024-09-30,16230.0,12505.340634696115,-3037.754726378514,6762.414091682398,2.131732758734651,False
2024-10-07,10625.0,12499.843684924916,-2477.6893157951704,602.8456308702553,0.03820514503293055,False
2024-10-14,13792.0,12493.86942085185,6651.967759615672,-5353.837180467522,-1.9863652499446733,False
2024-10-21,22287.0,12487.353363554572,2026.5737903371978,7773.072846108229,2.4752376688401374,False
2024-10-28,21560.0,12480.249895269948,3935.3222423825882,5144.427862347466,1.5818080568253896,False
2024-11-04,15740.0,12472.532839329175,3229.732177842126,37.734982828698776,-0.1538658992291351,False
2024-11-11,21364.0,12464.203655107789,7638.293046833098,1261.5032980591131,0.26207115496675315,False
2024-11-18,16795.0,12455.274125582138,1783.3406658326944,2556.3852085851668,0.702178453621845,False
2024-11-25,12068.0,12445.753379672364,3595.9722148111523,-3973.725594483516,-1.517289902600253,False
2024-12-02,20217.0,12435.648560610705,3373.760170900667,4407.591268488628,1.3313704221366107,False
2024-12-09,16233.0,12424.960113262438,4554.252487635821,-746.2126008982596,-0.420315720295128,False
2024-12-16,44462.0,12413.693465698998,10471.866842451911,21576.43969184909,7.166756212300424,True
2024-12-23,23820.0,12401.852148150077,11254.339237678609,163.80861417131382,-0.11101571739340713,False
2024-12-30,15142.0,12389.442984472242,6381.396607394786,-3628.8395918670267,-1.400069292966567,False
2025-01-06,10609.0,12376.472145573329,-1341.9397565644706,-425.53238900885844,-0.31132222780788615,False
2025-01-13,8403.0,12362.949934361184,-3036.2797932807457,-923.670141080438,-0.48063037756285304,False
2025-01-20,10375.0,12348.875642753901,-2710.8041944405213,736.9285516866203,0.08377754170986107,False
2025-01-27,8316.0,12334.268381363247,-3639.5969042408237,-378.6714771224233,-0.29539503848258725,False
2025-02-03,7085.0,12319.18136989746,-2005.2084952676332,-3228.972874629826,-1.2641617176774436,False
2025-02-10,7794.0,12303.672843031318,-4762.533447084048,252.8606040527302,-0.080748532109578,False
2025-02-17,9607.0,12287.801577313847,-1983.3795003013872,-697.4220770124593,-0.4037326902189547,False
2025-02-24,8594.0,12271.626426612947,-2749.1439211531633,-928.4825054597841,-0.4822660145038908,False
2025-03-03,10882.0,12255.183962759964,-2269.6103941571837,896.4264313972199,0.1379880302571365,False
2025-03-10,7818.0,12238.499149097752,-3393.7986725103356,-1026.7004765874153,-0.5156485535609115,False
2025-03-17,10414.0,12221.583081691026,-4456.440639712655,2648.8575580216293,0.7336081581994907,False
2025-03-24,9354.0,12204.455728257703,-3424.8751367957943,574.4194085380914,0.028543578352695442,False
2025-03-31,9160.0,12187.161857725081,-2731.2344809506744,-295.9273767744071,-0.2672717925033327,False
2025-04-07,7203.0,12169.77932373417,-4271.426594091696,-695.3527296424745,-0.4030293559043892,False
2025-04-14,11594.0,12152.400312487662,-1173.9981050114754,615.597792523813,0.042539377654251455,False
2025-04-21,10209.0,12135.091782740332,-1859.794384176943,-66.29739856338892,-0.18922465277641984,False
2025-04-28,10273.0,12117.880674505008,-2543.9082279492227,699.0275534442153,0.07089566744997611,False
2025-05-05,9412.0,12100.748963674725,-2719.043142205794,30.29417853106861,-0.15639489608408444,False
2025-05-12,11118.0,12083.65737318051,-1813.8758912317076,848.2185180511988,0.12160301912674185,False
2025-05-19,20599.0,12066.554551938209,6562.288232637142,1970.1572154246496,0.5029299998682085,False
2025-05-26,17570.0,12049.37527339703,888.725569109823,4631.899157493148,1.4076086785322846,False
2025-06-02,14220.0,12032.053753533208,2071.652715973005,116.29353049378733,-0.12716524805925086,False
2025-06-09,12060.0,12014.53034975383,-171.30822135477035,216.77787160093976,-0.09301241021179077,False
2025-06-16,17814.0,11996.76743595729,1554.2779595533102,4262.9546044894,1.2822109961212111,False
2025-06-23,13051.0,11978.748501055927,1576.593082564614,-504.3415836205404,-0.3381080694107239,False
2025-06-30,11015.0,11960.464366093087,-1651.2970266866687,705.8326605935817,0.07320860216643175,False
2025-07-07,8842.0,11941.900509167172,-3736.257307115322,636.3567979481504,0.04959499386589494,False
2025-07-14,8970.0,11923.025815811334,-3192.733196227957,239.70738041662298,-0.08521907855557916,False
2025-07-21,8301.0,11903.798566767879,-3665.677727877131,62.87916110925289,-0.1453198408665922,False
2025-07-28,9430.0,11881.798387314439,-2498.1178409636136,46.31945364917556,-0.15094819049255337,False
2025-08-04,8079.0,11858.95480846042,-3319.5255127049827,-460.4292957554371,-0.32318306487326454,False
2025-08-11,8402.0,11835.353063087852,-3362.1373639034214,-71.21569918443129,-0.19089629555921325,False
2025-08-18,10827.0,11811.111083123998,-1110.1140657311134,126.00298260711497,-0.12386517821791561,False
2025-08-25,14678.0,11786.342030129845,2925.62031344431,-33.96234357415415,-0.17823454349503018,False
2025-09-01,12164.0,11761.1405781639,-83.84509656940162,486.7045184055005,-0.0012691505411692053,False
2025-09-08,8299.0,11735.58154137181,-3182.6109388002596,-253.97060257155135,-0.2530114322306351,False
2025-09-15,8656.0,11709.722213937697,-2612.8064536652837,-440.91576027241354,-0.31655076171200186,False
2025-09-22,10925.0,11683.607650367283,-1371.0463394342576,612.4386890669739,0.04146565465506568,False
2025-09-29,8899.0,11657.273950104072,-2776.8121529782875,18.53820287421513,-0.1603905428278797,False
2025-10-06,9794.0,11630.7491316677,-1686.651661474031,-150.09747019367023,-0.2177068045869453,False
2025-10-13,23058.0,11604.055796362785,11426.278999091013,27.665204546201494,-0.1572884375177155,False
2025-10-20,16701.0,11577.212881004047,5096.482560809943,27.30455818601149,-0.1574110147921857,False
2025-10-27,19479.0,11550.236282607066,7971.701705922421,-42.937988529485665,-0.18128520535297005,False
2025-11-03,13316.0,11523.139455045168,1766.2778782709656,26.5826666838675,-0.1576563728563829,False
2025-11-10,19146.0,11495.933947070966,8109.641846067883,-459.5757931388489,-0.3228929745353517,False
2025-11-17,15377.0,11468.629810908911,3825.15155803224,83.2186310588495,-0.13840681729059925,False
2025-11-24,14450.0,11441.236224603545,2877.754917425207,131.0088579712483,-0.12216377033971168,False
2025-12-01,16434.0,11413.761076428222,4909.695162109112,110.54376146266623,-0.1291194921456088,False
2025-12-08,15861.0,11386.210937778567,3943.3330965515265,531.4559656699057,0.013941069330109856,False
2025-12-15,22857.0,11358.591143088099,11439.63115670575,58.777700206152076,-0.1467138543777315,False
2025-12-22,24698.0,11330.905657395888,13305.969818893924,61.12452371018844,-0.14591621086724169,False
2025-12-29,18639.0,11303.157634010895,7312.011973713369,23.830392275736813,-0.15859182190781634,False
2026-01-05,10430.0,11275.3496359392,-1394.106243771069,548.7566078318705,0.01982124946468863,False
2026-01-12,7406.0,11247.483611501226,-4445.753912443418,604.270300942193,0.03868936501603352,False
2026-01-19,7856.0,11219.560456599242,-3184.524474267596,-179.03598233164485,-0.22754248944794353,False
2026-01-26,7757.0,11191.58015819644,-3749.960078096027,315.37991989958573,-0.05949933016501933,False
2026-02-02,8770.0,11163.54250251623,-2227.3095414634226,-166.2329610528068,-0.2231909705458346,False
2026-02-09,9180.0,11135.446903861499,-6894.604953801685,4939.158049940186,1.5120405035839488,False
2026-02-16,9394.0,11107.29276377603,-2187.5028053599926,474.2100415839632,-0.005515800677629511,False
2026-02-23,8071.0,11079.079310074265,-3572.373977390549,564.2946673162842,0.025102359139971133,False
2026-03-02,8456.0,11050.805087459532,-2377.0717097640377,-217.7333776954947,-0.24069504490503005,False
2026-03-09,7106.0,11022.468011437453,-4531.4821547234815,615.0141432860291,0.042341005673520934,False
2026-03-16,6214.0,10994.065960015874,-4888.966878534536,108.90091851866055,-0.12967786520211957,False
2026-03-23,7063.0,10965.596266113736,-3635.5576484449502,-267.0386176687862,-0.25745301781189595,False
2026-03-30,7534.0,10937.056130486328,-3397.3503453457147,-5.705785140613443,-0.16863064255210697,False
2026-04-06,6164.0,10908.443090523127,-5017.57294018149,273.1298496583622,-0.07385937653735501,False
2026-04-13,9454.0,10879.75474882545,-990.6596410736856,-435.09510775176386,-0.3145724255900366,False
2026-04-20,9041.0,10850.988589990258,-2124.341903165452,314.35331317519376,-0.05984825550607204,False
2026-04-27,7045.0,10822.142487930038,-3471.581405620069,-305.5610823099687,-0.27054611743198365,False
2026-05-04,7367.0,10793.214227473047,-3611.4317454839684,185.2175180109225,-0.10373921228554832,False
2026-05-11,7591.0,10764.201875737415,-2549.18093850888,-624.0209372285353,-0.3787849501309155,False
2026-05-18,17358.0,10735.103602104798,6921.098926388702,-298.2025284935007,-0.268045076050644,False
2026-05-25,10858.0,10705.918379711606,171.33925155149885,-19.257631263104486,-0.17323667368149082,False
2026-06-01,11880.0,10676.6457754638,1399.336707549428,-195.98248301322747,-0.23330230320084247,False
2026-06-08,9574.0,10647.285560451583,-800.5930702267856,-272.69249022479744,-0.25937466839434586,False
2026-06-15,10296.0,10617.837874943156,-64.82359133527143,-257.01428360788486,-0.2540459252048433,False
2026-06-22,12551.0,10588.303376114112,1812.9345678760244,149.76205600986395,-0.11578989233367319,False
2026-06-29,7899.0,10558.683093126832,-2213.3176093454044,-446.36548378142834,-0.3184030256694119,False
2026-07-06,5392.0,10528.978052551925,-4791.560988568021,-345.4170639839049,-0.28409245574065367,False
