sku_cd,non_promo_avg_daily_qty,promo_avg_daily_qty,promo_lift,demand_class,abc_class,total_qty
MYZAAVI02QH001,1.0,13.407407407407407,12.407407407407407,Lumpy,A,1724.0
MYZAAVI02CO001,5.51880276285495,26.983471074380166,3.8893704366454402,Erratic,A,9934.0
MWBESEA09CO001,1.3174603174603174,5.875802997858672,3.4599468537963416,Lumpy,A,2686.0
MYZAAVI02BK001,2.660395108184384,11.401639344262295,3.2856939968001484,Lumpy,A,4009.0
MYZ9SME05CO001,14.668032786885245,58.10344827586207,2.9612297790752575,Lumpy,A,8401.0
MWBESEA01CO001,11.755196304849884,45.74766355140187,2.89169711547289,Erratic,A,14338.0
MWPDSLR04CO001,33.32517140058766,125.02714932126698,2.751733121440517,Erratic,A,58583.0
MWPAATN04BK001,9.536132140399173,34.71022727272727,2.6398643351091753,Erratic,A,18967.0
MWPAATN04CO001,167.10691375623662,603.4156378600823,2.610955551128788,Erratic,A,362646.0
MXBAAVI03WT001,2.194146341463415,7.591304347826087,2.459798557813134,Lumpy,A,2966.0
MWPESAC03CO001,2.310344827586207,7.98581560283688,2.4565470519741717,Lumpy,A,2523.0
MWPESAC02I9001,3.8984771573604062,12.886075949367088,2.305412710970464,Erratic,A,6058.0
MMZAAFI01CO001,3.943758573388203,12.454545454545455,2.1580395256916995,Erratic,A,5595.0
MYLAAPA02QH001,3.9,12.006493506493506,2.0785880785880786,Lumpy,A,1795.0
MWHESTA02CO001,2.683673469387755,7.867088607594937,1.9314626750733987,Erratic,A,2930.0
MWDBAXL01CO001,6.700680272108843,19.54368932038835,1.9166724163422209,Lumpy,A,3785.0
MWPAAVI02QH001,6.244274809160306,17.649350649350648,1.826485250690629,Lumpy,A,2072.0
MWHBSKM02CO001,2.2628398791540785,6.282296650717703,1.7762886400367957,Lumpy,A,1961.0
MXBAAVI08CO001,2.6345514950166113,7.133333333333334,1.70760823875578,Lumpy,A,3522.0
MXBAAVI04CO001,2.237864077669903,5.942028985507246,1.6552233644566,Lumpy,A,2580.0
MWPDSLR02BK001,10.256233877901977,25.5158371040724,1.487836900740795,Erratic,A,16750.0
MWPCSVI01CO001,35.16402877697842,86.73828125,1.4666764380191495,Erratic,A,67529.0
MWPAATN03CO001,4.2786377708978325,10.326530612244898,1.4135089636433449,Erratic,A,8137.0
MWRDSXT01CO001,19.17408906882591,46.23076923076923,1.4111064189189193,Lumpy,A,10730.0
MESCAMM11CO039,2.4310344827586206,5.792207792207792,1.3826102975039145,Lumpy,A,2571.0
MXKCSVI01CO001,2.263205013428827,5.30379746835443,1.3434896250600867,Lumpy,A,2803.0
MWPESAC03I9001,2.2325581395348837,5.157718120805369,1.310227908277405,Lumpy,A,2464.0
MXKCSVI01BK001,1.9467120181405895,4.417910447761194,1.2694216743886857,Lumpy,A,1916.0
MWBESEA09P6001,2.3567251461988303,5.277602523659306,1.239379730882733,Lumpy,A,2357.0
MMRAAKC02CO001,5.288526816021724,11.76,1.2236816431322208,Erratic,A,7680.0
MWPCSVI02XC001,3.5437997724687142,7.833333333333333,1.2104333868378814,Lumpy,A,3451.0
MESCAMM11CO040,2.2935222672064777,5.054347826086956,1.2037491845427684,Lumpy,A,2599.0
MMRAAKC02BK001,3.154067674586033,6.909090909090909,1.1905335021062022,Erratic,A,4238.0
MYZBSKM03BK001,2.284688995215311,4.5268292682926825,0.9813765802579488,Lumpy,A,2704.0
MWRESAC02CO001,3.2289156626506026,6.376623376623376,0.9748497770885829,Lumpy,A,1953.0
MWPDSTA01BK001,2.254742547425474,4.4480519480519485,0.972753808691309,Lumpy,A,2102.0
MWPCSVI01XC001,7.843796711509716,15.227848101265822,0.9413873996659046,Erratic,A,11115.0
MWHESTA01CO001,5.823050058207218,11.25,0.9319772091163534,Erratic,A,5909.0
MMTCSKC02CO001,5.038793103448276,9.683698296836983,0.9218289177640548,Lumpy,A,6015.0
MWPCSVI01BK001,13.535593220338983,26.01212121212121,0.9217570141687346,Erratic,A,23052.0
MMZAAFI01BK001,4.0,7.580645161290323,0.8951612903225807,Erratic,A,5892.0
MWPCSVI01I8001,8.774572649572649,16.23,0.8496627298185804,Erratic,A,9348.0
MMZAAFI04BK001,2.527403414195867,4.635135135135135,0.8339514416656257,Lumpy,A,3003.0
MWPDSTA01CO001,7.8559322033898304,14.34308510638298,0.8257648786981571,Lumpy,A,8704.0
MWRESAK02CO001,2.641263940520446,4.818181818181818,0.8241955089245732,Lumpy,A,2005.0
MWRAASE03BK001,1.7647058823529411,3.2148760330578514,0.8217630853994491,Lumpy,A,1681.0
MXBAAVI01BK001,2.125645438898451,3.8260869565217392,0.79996479493047,Lumpy,A,2431.0
MWBAASE02CO001,3.958563535911602,6.928571428571429,0.7502741501345829,Lumpy,A,3276.0
MWPAATN04QH001,44.99643493761141,77.8125,0.7293036683436991,Lumpy,A,25165.0
MYZCSSX01U4001,2.4752851711026618,4.273291925465839,0.7263836811021742,Lumpy,A,1926.0
MWRAAME01CO001,10.657789613848202,18.152263374485596,0.7031921282157276,Erratic,A,11835.0
MMZAAFI04CO001,3.7145214521452146,6.130681818181818,0.6504634303945722,Erratic,A,5303.0
MXZEATT04CO001,5.901486988847584,9.709677419354838,0.6452933705867412,Lumpy,A,3598.0
MWDBSXL02CO001,8.367924528301886,13.74074074074074,0.6420727379013738,Lumpy,A,3588.0
MWBAASE03CO001,34.901455026455025,56.9375,0.6313789770896894,Erratic,A,56584.0
MMZCAFI01CO001,1.9664,3.1530612244897958,0.6034688895900102,Lumpy,A,1756.0
MYZAAVI02XC001,4.153846153846154,6.584615384615384,0.585185185185185,Lumpy,A,2922.0
MXAAAVI03CO001,2.5184893784421716,3.8181818181818183,0.5160603220584477,Smooth,A,3091.0
MXZAAVI08CO001,3.428833792470156,5.125,0.49467728976968406,Lumpy,A,3589.0
MMRAAKC03CO001,2.6437908496732025,3.9215686274509802,0.48331273176761425,Lumpy,A,3267.0
MPCCSMM02CO001,3.129793510324484,4.548872180451128,0.45340967876807947,Lumpy,A,1584.0
MXZAAVI03CO001,1.969735182849937,2.8448275862068964,0.4442690626517727,Lumpy,A,1802.0
MXBAAVI08XC001,2.700653594771242,3.8732394366197185,0.43418594821591694,Lumpy,A,2229.0
MMBDATA01CO001,2.3444444444444446,3.3015384615384615,0.4082391542107182,Lumpy,A,1622.0
MPCCSMM01CO001,4.385159010600707,6.141176470588236,0.4004455609802342,Lumpy,A,2861.0
MMKAAVE08CO001,2.1583769633507854,3.0074074074074075,0.3933652269613459,Lumpy,A,1953.0
MPFDSMM01RE001,9.599009900990099,13.151162790697674,0.37005409165597225,Lumpy,A,2924.0
MYLAAVI03CO001,2.6313594662218516,3.6,0.36811410459587957,Lumpy,A,3039.0
MPFDAMM10T1001,3.214678899082569,4.338461538461538,0.3495785036880925,Lumpy,A,1934.0
MWTEATA01CO001,2.736196319018405,3.669683257918552,0.34116226690745277,Lumpy,A,1626.0
MXBAAVI03XC001,3.0077319587628866,4.0,0.32990574121679517,Lumpy,A,2445.0
MWPAATN03BK001,2.205091937765205,2.9008264462809916,0.3155126988586665,Lumpy,A,1817.0
MXSAAVI01BK001,2.8143564356435644,3.7,0.3146877748460861,Lumpy,A,3278.0
MXEBAVI03CO001,1.960644007155635,2.5585106382978724,0.3049338018325827,Lumpy,A,1957.0
MWRAAPA03CO001,3.688053097345133,4.806451612903226,0.303249027613832,Lumpy,A,1744.0
MWRBAWO05BK001,3.1037549407114624,4.036764705882353,0.30060677566155425,Lumpy,A,4035.0
MWPAATN04I8001,22.75661914460285,29.485294117647058,0.29567990439564196,Erratic,A,23140.0
MWRAASE03CO001,5.104519774011299,6.415300546448087,0.25678826421838563,Lumpy,A,4557.0
MWEAAPA02CO001,3.1065502183406113,3.8518518518518516,0.23991295202990437,Lumpy,A,3789.0
MXSAAVI04CO001,3.0145586897179255,3.701388888888889,0.22783772680014747,Lumpy,A,3659.0
MXAAAVI03BK001,1.9082167832167831,2.3333333333333335,0.22278210413803645,Intermittent,A,2114.0
MWBESEA02CO001,3.1838351822503963,3.870967741935484,0.2158191364665456,Lumpy,A,2024.0
MWRAAVI01CO001,2.6869565217391305,3.212121212121212,0.19544964205158366,Smooth,A,1866.0
MWHCATA11CO001,3.948717948717949,4.67741935483871,0.18454126518642644,Lumpy,A,3486.0
MXBAAVI08BK001,3.0961538461538463,3.6451612903225805,0.17731917451412538,Erratic,A,4392.0
MYSESXT01CO001,2.293150684931507,2.65625,0.15834080047789723,Erratic,A,1675.0
MXZAAVI09CO001,3.886262924667651,4.458333333333333,0.14720321804130232,Erratic,A,5102.0
MWSBAER01BK001,2.461263408820024,2.812749003984064,0.14280698031120087,Lumpy,A,2636.0
MMZCAFI01BK001,2.134703196347032,2.4245283018867925,0.13576833821006962,Lumpy,A,2023.0
MEXCSMM22CO042,2.8015873015873014,3.12,0.1136543909348442,Lumpy,A,1605.0
MWRBAWO05CO001,16.09403107113655,17.690851735015773,0.09921819193843895,Erratic,A,24046.0
MYABSPA07CO001,1.797482837528604,1.949685534591195,0.08467546609338283,Lumpy,A,1788.0
MECBAMM01CO001,2.365795724465558,2.5142857142857142,0.06276534710269654,Lumpy,A,2063.0
MXSBSVI01BK001,1.9279661016949152,2.045977011494253,0.06121005431350257,Intermittent,A,1900.0
MMKAAVE15BK001,2.4359504132231407,2.582089552238806,0.05999265757725358,Lumpy,A,2405.0
MYLDSXT03CO001,2.4565916398713825,2.6,0.05837696335078535,Lumpy,A,1593.0
MXBAAVI03CO001,4.019285714285714,4.20945945945946,0.04731530891118596,Erratic,A,5941.0
MESCSMM24CO039,5.519015659955257,5.689655172413793,0.030918468613281513,Lumpy,A,2664.0
MXSAAVI04BK001,3.2620087336244543,3.3426573426573425,0.024723603036855835,Erratic,A,4003.0
MWPESAC02P6001,3.416502946954813,3.477777777777778,0.01793495623282859,Lumpy,A,2249.0
MXCAAVI02BK001,2.8439821693907876,2.888888888888889,0.01579008475560184,Erratic,A,3663.0
MWTDABO01CO001,3.9419354838709677,3.996138996138996,0.013750481835588246,Lumpy,A,2148.0
MMRBSBF05CO001,1.9371069182389937,1.9575070821529745,0.010531253449100442,Lumpy,A,1827.0
MXCAAVI02CO001,2.5341176470588236,2.5555555555555554,0.008459713195089202,Smooth,A,3094.0
MMK6SVE92CO001,5.1988304093567255,5.192982456140351,-0.0011248593925760053,Lumpy,A,2832.0
MXBAAVI03BK001,2.31986531986532,2.2941176470588234,-0.011098779134295356,Lumpy,A,2656.0
MMKAAVE13CO001,2.53288740245262,2.5,-0.012984154929577496,Lumpy,A,2216.0
MXSAAVI02BK001,2.5261627906976742,2.4782608695652173,-0.0189623255115825,Lumpy,A,2754.0
MWRAACG01CO001,3.586885245901639,3.4918032786885247,-0.026508226691041914,Lumpy,A,3533.0
MPFDSMM03BK001,3.209068010075567,3.1125,-0.030092229199372156,Lumpy,A,2671.0
MYL8SPA11CO001,3.4918276374442794,3.360655737704918,-0.037565399372166075,Lumpy,A,2446.0
MWDCSDU02CO001,3.6905311778290995,3.523076923076923,-0.0453740252238376,Lumpy,A,3258.0
MMKAAVE09BK001,3.1585492227979275,3.013157894736842,-0.04603104710595385,Lumpy,A,3115.0
MWDCSDU02BK001,1.9492656875834447,1.8592592592592592,-0.04617453069507871,Lumpy,A,1627.0
MMRBSME03CO001,3.422099447513812,3.2142857142857144,-0.060726970801236124,Lumpy,A,3931.0
MESCSMM24CO038,4.173719376391982,3.8484848484848486,-0.07792438795640488,Lumpy,A,2143.0
MWPCSVI01QZ001,8.585746102449889,7.79,-0.09268223086900129,Lumpy,A,5144.0
MYLAAVI01CO001,3.665395614871306,3.256198347107438,-0.11163795419617628,Lumpy,A,4034.0
MXSAAVI02CO001,2.75,2.3983050847457625,-0.12788906009244994,Lumpy,A,3070.0
MXAAAVI01CO001,1.952819332566168,1.6896551724137931,-0.1347611403490947,Lumpy,A,1660.0
MWBBAER01CO001,6.658959537572255,5.713978494623656,-0.14191121565113507,Lumpy,A,5825.0
MMKAAVE10CO001,4.023278370514064,3.4411764705882355,-0.14468347609053267,Lumpy,A,4053.0
MPFDSMM02BK001,3.6376988984088126,3.0923076923076924,-0.14992752872968207,Lumpy,A,3025.0
MXSAAVI01CO001,2.296724470134875,1.9125,-0.16729236577181206,Lumpy,A,2411.0
MWDCSDU03CO001,2.878504672897196,2.3734939759036147,-0.1754420278516663,Lumpy,A,3008.0
MXLAAVI01BK001,2.642172523961661,2.175438596491228,-0.17664778633403333,Lumpy,A,1808.0
MWPCSVI01WT001,2.2185185185185183,1.8181818181818181,-0.1804522689330702,Lumpy,A,2315.0
MWPDALR01CO001,5.495124593716143,4.327868852459017,-0.21241661064280903,Erratic,A,5353.0
MXSBSVI01CO001,3.348708487084871,2.591160220994475,-0.2262210249151485,Lumpy,A,3896.0
MMKAAVE09XC001,2.416791604197901,1.8372093023255813,-0.23981476138265334,Lumpy,A,1608.0
MMKAAVE32CO001,4.846153846153846,3.6666666666666665,-0.24338624338624337,Lumpy,A,3019.0
MYS9APA13CO001,3.6172566371681416,2.7037037037037037,-0.25255408313512284,Lumpy,A,1624.0
MWTCSBO02CO001,4.392,3.273381294964029,-0.25469460497176033,Lumpy,A,4609.0
MWPCSVI02CO001,3.0984375,2.272727272727273,-0.26649245862559023,Erratic,A,3816.0
MWSBAER01CO001,7.036750483558994,5.146417445482866,-0.2686372129426493,Erratic,A,8535.0
MWTCABO07CO001,3.19672131147541,2.3333333333333335,-0.2700854700854701,Lumpy,A,3266.0
MPFDSMM04BK001,4.738478027867095,3.392857142857143,-0.283977445309723,Erratic,A,4482.0
MWTDSBO06CO001,5.388965517241379,3.644230769230769,-0.323760607194188,Lumpy,A,4124.0
MWSCAXT01CO001,3.1649089165867688,2.1272727272727274,-0.3278565723885323,Lumpy,A,3250.0
MWTCABO07BK001,2.155440414507772,1.4106280193236715,-0.3455499814195466,Lumpy,A,1859.0
MPFCSMM01CO001,5.249266862170088,3.3636363636363638,-0.359217877094972,Lumpy,A,1843.0
MWPDALR01BK001,3.2819843342036554,2.05,-0.3753778838504376,Lumpy,A,2560.0
MXLAAVI01CO001,4.3364928909952605,2.6702127659574466,-0.38424601790489477,Lumpy,A,4595.0
MWPDSLR02WT001,3.2552182163187857,1.9333333333333333,-0.406081803167201,Erratic,A,3343.0
MMKAAVE09CO001,2.662605435801312,1.509433962264151,-0.4330988955523234,Lumpy,A,2777.0
MMKAAVE15I8001,3.942906574394464,2.1176470588235294,-0.4629223343571742,Lumpy,A,2208.0
MPFCAMM01T1001,2.764130434782609,1.46,-0.4718049547778215,Lumpy,A,2489.0
MMKAAVE15CO001,6.682212581344903,3.5294117647058822,-0.47181989172880645,Lumpy,A,5911.0
MWPFSLR07PZ001,7.970749542961609,4.1875,-0.47464162844036695,Erratic,A,4407.0
MYLDSXT01CO001,2.3612637362637363,1.173913043478261,-0.502845435920783,Intermittent,A,1659.0
MWPAAVI02BK001,7.893356643356643,3.5833333333333335,-0.5460317460317461,Lumpy,A,4332.0
MPFCAMM02T1001,3.4554973821989527,1.263157894736842,-0.6344497607655503,Lumpy,A,3165.0
MPFCAMM03T1001,5.394039735099338,1.9230769230769231,-0.6434811351938423,Lumpy,A,4703.0
MMTAAKC02CO001,11.665893271461718,3.8855721393034828,-0.666928879864797,Erratic,A,11841.0
MWDBAXL01BK001,7.099667774086379,2.217391304347826,-0.6876767512359871,Lumpy,A,2177.0
MWPEALR01QH001,6.626801152737752,1.8333333333333333,-0.7233456548525041,Erratic,A,4402.0
MWBBAER01QH001,10.61320754716981,2.5,-0.7644444444444445,Lumpy,A,2210.0
MESCSMM24CO040,6.415492957746479,1.2727272727272727,-0.8016166051292286,Lumpy,A,1747.0
MWPFSMT02CO001,5.06941431670282,1.0,-0.8027385537013265,Lumpy,A,2227.0
MWBEAEA01QH001,7.063679245283019,1.0,-0.8584307178631052,Lumpy,A,2851.0
MWPAAVI02CO001,23.583703703703705,3.1538461538461537,-0.8662701078053802,Lumpy,A,15191.0
MWPDSLR02CO001,10.552910052910052,1.3333333333333333,-0.8736525444973677,Lumpy,A,3802.0
MPFDAMM07CO001,7.9447852760736195,1.0,-0.8741312741312741,Lumpy,A,2469.0
MEZCAMM17BK0ML,2.2709302325581397,,,Lumpy,A,1869.0
MEZCAMM17CO0ML,3.1825993555316865,,,Lumpy,A,2827.0
MMKCAVE07B1001,,6.080985915492958,,Lumpy,A,1672.0
MMKEAVE12BK001,3.1017241379310345,,,Erratic,A,1710.0
MMKEAVE14CO001,6.3907380607814765,,,Erratic,A,4206.0
MMKEAVE15CO001,15.26086956521739,,,Erratic,A,10360.0
MMKEAVE15IG001,4.1344,,,Erratic,A,2457.0
MMKEAVE15PZ001,4.269293924466338,,,Erratic,A,2471.0
MMKEAVE16CO001,4.7272727272727275,,,Erratic,A,2966.0
MMKEAVE16PZ001,3.1822827938671208,,,Erratic,A,1782.0
MMKFAVE13QH001,6.420875420875421,,,Erratic,A,1812.0
MMTCATA03B1001,,9.343096234309623,,Lumpy,A,2128.0
MPFBSMM01CO001,8.019159456118665,,,Erratic,A,12357.0
MPFBSMM02CO001,6.668753913587977,,,Erratic,A,10136.0
MPFBSMM03CO001,8.465352828989193,,,Erratic,A,12662.0
MPFBSMM04CO001,3.9201244813278007,,,Lumpy,A,3591.0
MPFESMM02PK001,6.834730538922155,,,Erratic,A,5426.0
MPFESMM03PK001,3.546153846153846,,,Erratic,A,2629.0
MPFESMM04PK001,4.928057553956834,,,Erratic,A,3906.0
MPFFAMM03PK001,9.200934579439252,,,Erratic,A,1876.0
MPFFAMM04CO001,7.49800796812749,,,Erratic,A,1788.0
MPFFSMM03PK001,5.312039312039312,,,Erratic,A,2058.0
MPFFSMM07CO001,3.6890380313199107,,,Erratic,A,1578.0
MPFFSMM12CO001,4.541237113402062,,,Erratic,A,1676.0
MWBFAEA03CO001,6.625322997416021,,,Smooth,A,2437.0
MWPEALR05CO001,5.53125,,,Erratic,A,2534.0
MWPFSLR03PZ001,5.752845528455285,,,Erratic,A,3372.0
MWPFSMT03CO001,33.56528662420382,,,Erratic,A,20030.0
MWPFSMT03PZ001,10.8109375,,,Erratic,A,6579.0
MWPFSMT03QH001,36.71895424836601,,,Erratic,A,10699.0
MWPFSMT06PZ001,12.940902021772938,,,Erratic,A,7906.0
MWPGSLR02CO001,9.83402489626556,,,Smooth,A,2255.0
MWPGSLR03CO001,16.502074688796682,,,Smooth,A,3784.0
MWREATA01CO001,3.416783216783217,,,Smooth,A,2326.0
MWRGSTA02CO001,12.365546218487395,,,Erratic,A,2804.0
MWSGSTA02CO001,16.370892018779344,,,Erratic,A,3314.0
MXZESTA03BK001,2.78955223880597,,,Lumpy,A,1778.0
