region,line_desc,total_qty,net_amt,sku_count
North,MCM COLLECTION,328920.0,55935668.35945926,4777
CHINA,MCM TONI,270223.0,660248675.8284694,46
Korea,MCM TONI,222006.0,155397348688.0,41
North,AREN,215888.0,64117020.93596603,1435
Europe,AREN,149383.0,35787993.57029593,1542
CHINA,AREN,124383.0,288399333.9169949,1334
CHINA,LIZ,110607.0,302638183.9454193,49
Korea,AREN,97161.0,48104435599.0,1378
Europe,MCM COLLECTION,84495.0,10717768.578932792,4170
Korea,LIZ,76144.0,57933394436.0,44
CHINA,MCM COLLECTION,69269.0,53322808.272503525,3972
CHINA,TRACY,67736.0,194767132.43243268,365
North,CLAUS,62428.0,14805539.43891716,187
Korea,ELLA,59469.0,49190928732.0,56
North,LIZ,59174.0,33583676.472084045,67
CHINA,STARK,45842.0,233233275.46972656,183
Europe,LIZ,41855.0,17976506.04660225,60
Korea,MCM COLLECTION,40751.0,5946856044.0,3476
Korea,TRACY,39081.0,24054759261.0,284
CHINA,ELLA,38148.0,118701025.60549487,59
Korea,STARK,32564.0,38458598253.0,183
HMS,MCM COLLECTION,31173.0,21685680.78146553,3348
Europe,TRACY,29478.0,10356994.308979034,301
HMS,AREN,29122.0,284037059.4274349,1205
North,TRACY,26229.0,10233389.41060543,269
North,HIMMEL,24832.0,7934009.682186127,251
North,STARK,22575.0,15449622.129882812,194
CHINA,HIMMEL,21563.0,33463480.025406837,192
Japan,MCM COLLECTION,19612.0,354786781.0,2065
Japan,AREN,18732.0,730724250.0,1078
Europe,FURSTEN,18279.0,6821125.152956009,53
Europe,HIMMEL,16069.0,4008309.030954361,255
CHINA,MUNCHEN,15318.0,59377932.13874817,63
North,TERRAIN DERBY,14642.0,3829825.2310559843,317
Korea,HIMMEL,14352.0,6553432928.0,233
North,FURSTEN,13366.0,6198468.339412689,47
Europe,STARK,13322.0,7567965.442466736,184
Europe,CLAUS,12148.0,2164493.294631958,176
North,MUNCHEN,12111.0,8788352.593475342,64
Europe,MCM TONI,11406.0,4607480.886505127,54
HMS,STARK,10838.0,100454041.1623497,174
North,OTTOMAR,10830.0,7679170.759613037,126
North,ELLA,10270.0,7017356.771778107,60
HMS,MCM TONI,9048.0,54923895.071014404,50
Korea,MUNCHEN,8937.0,7330618435.0,59
Europe,MUNCHEN,8798.0,4976847.062232971,67
North,MCM TONI,8700.0,4610193.919826508,50
North,ESSENTIAL,8525.0,1481438.5298832748,272
North,MODE TRAVIA,8198.0,2584192.9700887203,152
North,MCM KLASSIK,7976.0,3845187.450077057,70
Europe,DESSAU,7819.0,4754083.362854004,44
HMS,TRACY,7680.0,120552355.0220108,285
Europe,TERRAIN DERBY,7669.0,1433503.5626010895,343
North,DIAMOND,7286.0,4013239.9694652557,125
Middle-East,MCM COLLECTION,7079.0,4513427.139764786,1496
Middle-East,AREN,6947.0,9021842.971300125,763
Europe,MODE TRAVIA,6782.0,1529923.1386909485,160
Europe,OTTOMAR,6589.0,3947440.875350952,133
HMS,LIZ,6394.0,91779167.90041351,54
Europe,ESSENTIAL,5839.0,717560.6675317287,251
Europe,DIAMOND,5802.0,2391771.5339608192,129
Japan,STARK,5791.0,699474549.0,152
Europe,MCM KLASSIK,5551.0,2497261.0181427,69
HMS,HIMMEL,5398.0,13757348.042417526,223
CHINA,MCM KLASSIK,5369.0,14710302.442207336,64
North,SKYWARD,5337.0,1713064.2103233337,176
North,DESSAU,4839.0,3654695.462287903,44
North,NEO TERRAIN DERBY,4742.0,1649476.8800077438,202
Korea,SPECIAL COLLECTION,4164.0,437389893.0,164
Korea,DESSAU,4144.0,3758409362.0,39
CHINA,DESSAU,4018.0,16414978.551239014,36
Europe,ELLA,3988.0,1976356.4685249329,54
Europe,NEO TERRAIN DERBY,3908.0,1016775.8968286514,194
CHINA,TRAVIA,3802.0,7964129.118764877,114
Japan,TRACY,3762.0,196632041.0,197
Japan,MCM TONI,3612.0,265967822.0,40
CHINA,DIAMOND,3609.0,8465095.111724854,103
Korea,TRAVIA,3480.0,1546967563.0,102
CHINA,MODE TRAVIA,3336.0,6554864.520744324,117
North,NEW SKYSTREAM,3093.0,945699.7503509521,109
North,BRANDENBURG,2936.0,2727967.4388275146,26
Europe,MCM VIKTOR,2898.0,1204358.478401184,12
Middle-East,LIZ,2881.0,5864587.297103882,51
CHINA,SKYWARD,2825.0,2553516.796622753,195
CHINA,FURSTEN,2811.0,6846202.495704651,43
North,MCM VIKTOR,2712.0,1213231.9011230469,12
Japan,LIZ,2650.0,201780994.0,39
HMS,ELLA,2628.0,37842073.96475983,55
Japan,HIMMEL,2608.0,117532576.0,184
Korea,FURSTEN,2604.0,1615901187.0,43
Korea,MODE TRAVIA,2595.0,1255401573.0,130
CHINA,ESSENTIAL,2456.0,2759987.7382278442,221
Korea,DIAMOND,2368.0,1399148554.0,110
North,MCM TECH,2328.0,625062.919670105,32
Korea,MCM KLASSIK,2244.0,1536575294.0,53
Europe,MCM TECH,2228.0,300844.40760040283,41
CHINA,TERRAIN DERBY,2217.0,2087191.3019628525,311
CHINA,MCM VIKTOR,2180.0,4773262.575790405,15
HMS,MUNCHEN,2107.0,16428522.240509033,62
Europe,SKYWARD,2094.0,392634.20848083496,183
North,TRAVIA,2049.0,781296.2493476868,88
North,P+M,2023.0,627126.3406658173,153
North,UPCYCLING PROJECT,2015.0,1021852.7407112122,125
Europe,TRAVIA,1930.0,583686.7388623953,99
Korea,OLD MIX LINE,1897.0,325740767.0,15
Middle-East,HIMMEL,1892.0,2666658.76436615,217
North,KLARA,1889.0,543684.9614562988,4
Korea,CLAUS,1880.0,484818647.0,91
HMS,FURSTEN,1803.0,19663984.31518936,37
CHINA,P+M,1772.0,1884598.168258667,237
Korea,TERRAIN DERBY,1771.0,328524684.0,218
Japan,MUNCHEN,1759.0,164224940.0,64
HMS,ESSENTIAL,1756.0,1420394.0671577454,197
CHINA,CLAUS,1701.0,1556294.3307871819,71
CHINA,UPCYCLING PROJECT,1694.0,5070976.405441284,137
Korea,OTTOMAR,1637.0,924152207.0,113
CHINA,OTTOMAR,1632.0,4556264.310520172,99
CHINA,OLD MCM COLLECTION,1615.0,1091986.0446887016,437
Europe,P+M,1603.0,238894.5502281189,147
Middle-East,TRACY,1491.0,2885931.779548645,133
Japan,P+M,1478.0,30720820.0,256
HMS,MCM KLASSIK,1387.0,4435637.722419739,56
Europe,UPCYCLING PROJECT,1361.0,364347.29971694946,121
HMS,CLAUS,1337.0,1718520.2010593414,97
HMS,DIAMOND,1314.0,11485851.317401886,112
Korea,MCM TECH,1310.0,259712549.0,32
Middle-East,MCM TONI,1282.0,2349985.499694824,33
Middle-East,STARK,1278.0,4688384.825805664,104
HMS,DESSAU,1266.0,4603717.967666626,36
CHINA,BRANDENBURG,1265.0,4415446.633285522,19
Europe,OLD MCM COLLECTION,1236.0,125179.23977851868,180
HMS,MODE TRAVIA,1231.0,2357639.3680171967,129
Europe,NEW SKYSTREAM,1212.0,290355.8511810303,96
Korea,MCM VIKTOR,1149.0,733340446.0,13
CHINA,MCM TECH,1099.0,1672219.0747380257,26
Korea,ESSENTIAL,1074.0,229213581.0,181
HMS,OTTOMAR,1053.0,3088014.3444862366,105
North,OLD MCM COLLECTION,1024.0,130971.46966981888,116
CHINA,OLD AREN,1021.0,647364.9494857788,168
Korea,OLD MCM COLLECTION,1013.0,80457729.0,145
CHINA,NEO TERRAIN DERBY,1013.0,1241681.6092529297,90
HMS,TERRAIN DERBY,977.0,1232933.1474609375,196
Japan,ELLA,966.0,85278932.0,43
Europe,SKYSTREAM,955.0,141985.92064285278,68
Japan,Japan Phenomenon,892.0,23882238.0,253
HMS,P+M,891.0,850458.5821456909,190
Korea,Japan Phenomenon,890.0,157217177.0,237
CHINA,MILANO,882.0,1734079.999015808,51
HMS,TRAVIA,863.0,19364083.990074158,78
North,SKYSTREAM,860.0,330350.00025177,71
Europe,M-ART,846.0,178374.8877105713,25
Europe,BRANDENBURG,837.0,535651.1782875061,22
Japan,MODE TRAVIA,794.0,31506675.0,97
Korea,SKYWARD,785.0,179305284.0,120
CHINA,SKYSTREAM,760.0,869909.446685791,62
Europe,OLD AREN,754.0,95025.22021007538,64
North,M-ART,754.0,226576.87991333008,26
HMS,MCM VIKTOR,736.0,1476238.0887870789,11
HMS,UPCYCLING PROJECT,710.0,2013605.5194149017,112
Middle-East,MUNCHEN,694.0,1912059.814453125,62
Middle-East,ELLA,648.0,1497973.4944152832,43
Korea,P+M,629.0,143949392.0,229
Japan,TRAVIA,617.0,26157600.0,68
Japan,FURSTEN,585.0,40280975.0,28
Middle-East,OTTOMAR,573.0,1957803.498840332,85
Japan,ESSENTIAL,569.0,14097372.0,142
Japan,MCM KLASSIK,535.0,41358490.0,46
CHINA,OLD TRACY,533.0,550961.7097663879,55
Middle-East,DIAMOND,522.0,1247592.3164291382,86
Japan,OTTOMAR,521.0,43169984.0,95
CHINA,TRISHA,497.0,2114912.4888305664,2
HMS,SKYWARD,493.0,579319.5909538269,125
Korea,SKYSTREAM,484.0,78056181.0,46
Korea,UPCYCLING PROJECT,469.0,274799163.0,93
Middle-East,FURSTEN,461.0,989982.9425506592,26
Korea,OLD JAPAN PHENOMENON,456.0,44710733.0,96
HMS,MCM TECH,456.0,740140.0153427124,25
Europe,MILANO,454.0,110505.3600730896,37
North,OLD AREN,453.0,53830.18056678772,15
CHINA,OLD JAPAN PHENOMENON,448.0,269683.56871795654,72
North,Japan Phenomenon,442.0,90642.53999328613,44
HMS,NEO TERRAIN DERBY,410.0,772468.3092575073,101
Korea,NEO TERRAIN DERBY,407.0,129078241.0,76
Japan,CLAUS,391.0,12107750.0,83
Japan,UPCYCLING PROJECT,388.0,16287800.0,88
Japan,DIAMOND,382.0,23692695.0,76
Middle-East,ESSENTIAL,359.0,291739.2699584961,139
CHINA,Japan Phenomenon,354.0,466576.2816333771,127
Middle-East,MCM KLASSIK,349.0,928190.8959655762,44
Korea,M-ART,344.0,124616249.0,14
Japan,DESSAU,333.0,33501360.0,28
North,SEMBLAS,325.0,41455.60987854004,11
Japan,OLD JAPAN PHENOMENON,324.0,6172440.0,112
Middle-East,MODE TRAVIA,321.0,475035.1102542877,93
CHINA,NEW SKYSTREAM,295.0,430936.05645751953,50
Korea,BRANDENBURG,292.0,230502036.0,21
Middle-East,TERRAIN DERBY,291.0,265987.94901275635,116
Japan,TERRAIN DERBY,277.0,7161448.0,128
HMS,BRANDENBURG,275.0,1031482.2465362549,18
HMS,Japan Phenomenon,272.0,196582.73973464966,85
North,DIAMANTE SOLE,256.0,91471.21000671387,17
Korea,NEW SKYSTREAM,239.0,80426324.0,48
North,MCM MONOGRAM,237.0,57576.0,8
Japan,MCM TECH,235.0,6000195.0,27
Korea,BERLIN,229.0,138812499.0,20
Europe,PINA,226.0,92526.79962158203,9
Europe,MILLA,223.0,186870.1895751953,4
Europe,KLARA,219.0,61987.20957946777,4
North,PINA,219.0,165556.5398864746,5
CHINA,PINA,214.0,772675.693649292,6
CHINA,DUKE,207.0,458665.64346313477,6
HMS,NEW SKYSTREAM,203.0,438345.75971984863,50
Middle-East,NEO TERRAIN DERBY,202.0,224492.01124191284,82
Korea,OLD AREN,201.0,30081734.0,20
Middle-East,CLAUS,195.0,212836.42826843262,50
Middle-East,DESSAU,194.0,482784.4211578369,27
Europe,M Candy,191.0,38427.85984802246,8
Europe,BERLIN,178.0,83268.45967102051,14
Europe,SEMBLAS,176.0,13298.469970703125,13
Japan,SKYWARD,171.0,5739670.0,80
Europe,OLD JAPAN PHENOMENON,165.0,18401.859914779663,62
Japan,BRANDENBURG,158.0,16400180.0,16
CHINA,BERLIN,158.0,580215.5695495605,21
North,BERLIN,158.0,103597.810546875,13
Europe,DIAMANTE SOLE,157.0,41358.24987792969,24
Europe,Japan Phenomenon,154.0,19637.670066833496,72
HMS,M-ART,154.0,235962.0097503662,16
Middle-East,TRAVIA,139.0,277036.979927063,46
CHINA,SEMBLAS,137.0,80323.61996459961,15
CHINA,OLD SKYWARD,133.0,38548.61994934082,6
CHINA,M Candy,123.0,226165.2274017334,8
North,FEDERLITE,122.0,44576.67000198364,16
North,TRISHA,122.0,71730.40057373047,2
North,MILLA,119.0,117603.11999511719,4
HMS,SKYSTREAM,114.0,142622.87036514282,38
Japan,MCM VIKTOR,112.0,7980170.0,9
Japan,NEO TERRAIN DERBY,112.0,3954860.0,32
CHINA,KLARA,108.0,180955.4423942566,2
Europe,OLD TRACY,108.0,13188.679954528809,25
North,RESNICK,107.0,14173.989959716797,16
CHINA,OLD MILLA,106.0,177972.53993225098,19
Japan,SPECIAL COLLECTION,100.0,863800.0,8
CHINA,OLD X-LINE,100.0,3154.879945755005,7
CHINA,OLD STARK,98.0,140349.58169555664,21
HMS,MILANO,95.0,157146.81010437012,12
HMS,MIX LINE,94.0,68990.43029785156,1
North,DUKE,92.0,72823.0,1
North,MCM TRAVEL COLLECTION,91.0,15553.699890136719,4
CHINA,M-ART,89.0,164356.36518859863,10
CHINA,OLD BERLIN,87.0,193458.07231140137,6
Korea,TRISHA,83.0,52506368.0,1
Korea,SEMBLAS,79.0,11287963.0,12
HMS,KLARA,76.0,12980452.190872192,4
Korea,KLARA,76.0,25981277.0,3
HMS,MCM MONOGRAM,74.0,57571.03009033203,8
Middle-East,MCM TECH,73.0,73306.37971496582,19
HMS,SEMBLAS,72.0,56610.47100830078,13
Japan,MIX LINE,72.0,2267500.0,7
Japan,BERLIN,71.0,7074540.0,13
Korea,OLD TRACY,68.0,13273360.0,15
Europe,OLD ITALIA,68.0,2834.2000160217285,8
Japan,OLD MCM COLLECTION,66.0,765212.0,40
CHINA,MILLA,65.0,214286.06121826172,12
Korea,MILANO,63.0,27647094.0,11
Korea,VISETOS,62.0,3702912.0,21
HMS,BERLIN,60.0,196529.58137512207,13
CHINA,OLD SOFT BERLIN,59.0,71053.10876464844,1
HMS,OLD MCM COLLECTION,56.0,35386.48989486694,28
Middle-East,MCM VIKTOR,56.0,140088.12817382812,5
CHINA,OLD KOREA,54.0,23611.419974803925,24
Japan,NEW SKYSTREAM,50.0,2413100.0,18
Europe,OLD STARK,50.0,14486.65998840332,19
Korea,OLD MILLA,50.0,10567452.0,11
Japan,SKYSTREAM,49.0,1187000.0,22
Middle-East,SKYWARD,49.0,47150.690269470215,25
Middle-East,M-ART,48.0,55170.35893249512,11
HMS,OLD AREN,48.0,45288.94916152954,3
Middle-East,P+M,47.0,79336.98970031738,25
Middle-East,NEW SKYSTREAM,47.0,78594.82733154297,28
CHINA,OLD MILANO,45.0,105347.69024658203,3
Japan,MILANO,44.0,2397050.0,13
Japan,OLD AREN,44.0,558720.0,9
Japan,M-ART,43.0,1852250.0,10
Europe,MCM MONOGRAM,42.0,8114.189910888672,4
Europe,OLD BERLIN,42.0,12852.36999511719,3
Europe,OLD TERRAIN DERBY,41.0,3214.8399982452393,16
HMS,M Candy,41.0,47252.1999206543,3
HMS,SPECIAL COLLECTION,40.0,2971.2000274658203,2
Europe,FEDERLITE,39.0,14015.219787597656,15
Middle-East,BRANDENBURG,39.0,177083.5899658203,14
CHINA,OLD TERRAIN DERBY,38.0,19033.649841308594,20
CHINA,OLD ITALIA,37.0,4884.060012817383,18
Japan,KLARA,37.0,1234750.0,2
Korea,PINA,36.0,34275182.0,4
HMS,DIAMANTE SOLE,34.0,59959.62008666992,13
Japan,OLD MIX LINE,34.0,1980000.0,6
Europe,SPECIAL COLLECTION,33.0,653.5800180435181,2
Middle-East,UPCYCLING PROJECT,33.0,70354.54030609131,12
Europe,OLD MILLA,32.0,2231.1200199127197,12
Korea,OLD TERRAIN DERBY,32.0,4654547.0,10
Europe,OLD FURSTEN,32.0,6838.909942626953,6
Korea,OLD KOREA,30.0,2627268.0,22
Korea,MILLA,29.0,28093367.0,5
Europe,OLD MILANO,28.0,9151.750030517578,3
Europe,MCM TRAVEL COLLECTION,28.0,5351.949989318848,4
Korea,OLD VISETOS,27.0,5357818.0,7
CHINA,M-BAR,27.0,9295.570190429688,6
Europe,TRISHA,27.0,13482.770446777344,1
CHINA,MCM MONOGRAM,27.0,36964.069343566895,7
Europe,OLD NOVELTY LINE,27.0,6390.140079498291,8
Middle-East,SKYSTREAM,25.0,40386.8507232666,17
CHINA,DIAMANTE SOLE,25.0,55511.779296875,5
CHINA,FEDERLITE,24.0,61325.080322265625,11
Europe,DIA,24.0,19538.2197265625,2
HMS,PINA,23.0,46436.28001022339,3
HMS,OLD TRACY,23.0,39506.739990234375,9
HMS,OLD VISETOS,23.0,42484.499992370605,3
CHINA,FLO,23.0,9158.389957427979,8
Korea,DIAMANTE SOLE,22.0,9314272.0,11
CHINA,OLD COLLABORATION,22.0,3385.8399925231934,11
Europe,OLD COLLABORATION,22.0,1310.1199798583984,2
Japan,SEMBLAS,21.0,399000.0,6
Japan,TRISHA,21.0,1526000.0,1
Korea,OLD MCM TRAVEL COLLECTION,19.0,10426909.0,6
CHINA,OLD PATRICIA,19.0,6269.899936676025,6
HMS,MILLA,19.0,75328.70989990234,4
Korea,MCM TRAVEL COLLECTION,19.0,2279566.0,5
CHINA,OLD FURSTEN,18.0,20899.110137939453,6
North,OLD X-LINE,18.0,-8695.300048828125,2
North,DIA,17.0,13068.0,3
Europe,OLD OTTOMAR,17.0,4773.929916381836,3
CHINA,OLD NOVELTY LINE,17.0,19127.440353393555,6
Europe,LUXURY,16.0,23619.72085571289,4
Korea,FEDERLITE,16.0,6559360.0,7
CHINA,MCM TRAVEL COLLECTION,15.0,24998.220336914062,4
Middle-East,OLD JAPAN PHENOMENON,15.0,11732.399993896484,15
Korea,ANIMAL CHARM,15.0,636369.0,4
Korea,DUKE,15.0,11036002.0,3
Korea,OLD STARK,15.0,7386728.0,7
HMS,FEDERLITE,14.0,39450.169921875,7
CHINA,OLD OTTOMAR,13.0,16858.40003967285,5
Japan,PINA,12.0,943100.0,3
CHINA,KAROLINE,11.0,1517.6999588012695,2
CHINA,OLD TRISHA,11.0,8334.499725341797,2
HMS,PRINCESS LION,10.0,1248.8000030517578,1
CHINA,MONA,10.0,2194.6900177001953,3
Korea,RESNICK,10.0,2866455.0,6
Japan,OLD ITALIA,10.0,84600.0,8
North,KISSEN,10.0,5752.0,2
North,MCM ANIMAL,9.0,9817.0,7
CHINA,RESNICK,9.0,13022.989776611328,8
Middle-East,MILLA,9.0,39921.5107421875,3
Korea,ROBOTER,9.0,409095.0,6
Europe,OLD X-LINE,9.0,765.8800048828125,5
Korea,COLLABORATION,9.0,545456.0,6
Europe,RESNICK,9.0,1806.739974975586,5
Middle-East,MCM MONOGRAM,9.0,10001.910461425781,5
North,OLD NOVELTY LINE,8.0,1033.5,3
CHINA,ITALIA,8.0,982.3100051879883,5
Europe,OLD PATRICIA,8.0,2296.220016479492,6
Middle-East,DIAMANTE SOLE,7.0,11751.310180664062,7
HMS,VISETOS,7.0,3849.8900451660156,2
North,SPECIAL COLLECTION,7.0,4290.0,5
Japan,OLD VISETOS,7.0,63000.0,1
Europe,DIY,7.0,43.11999988555908,1
Middle-East,OLD AREN,7.0,8478.490112304688,3
North,OLD MCM ANIMAL,7.0,5224.25,5
CHINA,CHEVRON VISETOS,7.0,4460.169982910156,1
CHINA,ANIMAL CHARM,7.0,1123.8900146484375,1
CHINA,OLD ELLA,6.0,7079.650085449219,2
Europe,OLD KARO,6.0,628.629997253418,2
CHINA,DIETRICH,6.0,1274.3399810791016,1
Europe,CLAUDIA,6.0,807.9800186157227,4
Europe,OLD VISETOS,5.0,659.49001121521,5
Middle-East,FEDERLITE,5.0,8997.16015625,5
Japan,MCM MONOGRAM,5.0,167700.0,2
HMS,MCM TRAVEL COLLECTION,5.0,8332.68994140625,4
Japan,OLD TRISHA,5.0,161700.0,2
Japan,OLD KOREA,5.0,9000.0,3
Japan,MILLA,5.0,696000.0,2
CHINA,KOREA,5.0,1805.3099670410156,3
North,OLD SKYWARD,5.0,1053.0,4
North,OLD VISETOS,5.0,6648.039978027344,3
North,OLD TERRAIN DERBY,5.0,321.1800003051758,5
Europe,MCM ANIMAL,4.0,2437.6100158691406,4
HMS,OLD MILLA,4.0,10000.0,2
North,OLD TRACY,4.0,462.1999969482422,2
HMS,OLD ELLA,4.0,246.72999954223633,1
North,OLD STARK,4.0,2176.9500122070312,4
CHINA,OLD MIX LINE,4.0,5407.079849243164,3
Middle-East,PINA,4.0,12833.099609375,3
CHINA,OLD KARO,4.0,309.7200012207031,2
Korea,OLD ITALIA,4.0,281090.0,3
CHINA,OLD ANIMAL CHARM,4.0,177.0,1
CHINA,LUXURY,3.0,8.850000381469727,1
Europe,DUKE,3.0,2926.3800659179688,1
North,OLD ITALIA,3.0,408.6800003051758,4
CHINA,OLD MCM ANIMAL,3.0,57375.22180175781,3
CHINA,DIA,3.0,21771.81005859375,2
Europe,OLD MARKUS,3.0,478.99000549316406,1
Europe,KISSEN,3.0,1137.2400207519531,2
Korea,DIA,3.0,4700091.0,2
Korea,X-LINE,3.0,227273.0,3
Japan,VISETOS,3.0,81000.0,1
CHINA,OLD VISETOS,3.0,407.0799903869629,3
Korea,OLD MCM ANIMAL,3.0,1263636.0,2
CHINA,E,3.0,123.9000015258789,2
HMS,TRISHA,3.0,11794.390014648438,1
Japan,DUKE,3.0,426000.0,1
North,C-LINE,3.0,225.0,2
HMS,X-LINE,3.0,16632.0,1
CHINA,M-LINE,3.0,53.10000228881836,2
North,LUXURY,2.0,3944.0,2
CHINA,GERMANY,2.0,35.400001525878906,2
CHINA,OLD ROBOTER,2.0,70.79999923706055,2
North,WHITE LOGO VISETOS,2.0,234.1999969482422,2
CHINA,OLD ODEON,2.0,132.73999786376953,2
CHINA,OLD MCM TRAVEL COLLECTION,2.0,7504.419921875,1
Europe,KAROLINE,2.0,388.65000915527344,1
CHINA,OLD EVA,2.0,176.99000549316406,1
HMS,DIA,2.0,7801.9300537109375,1
Japan,RESNICK,2.0,57100.0,2
Korea,DIETER,2.0,469091.0,2
Korea,OLD X-LINE,2.0,200000.0,1
Korea,OLD PATRICIA,2.0,325091.0,2
Middle-East,MCM TRAVEL COLLECTION,2.0,3275.2401123046875,2
North,OLD ANIMAL CHARM,2.0,158.39999389648438,1
North,OLD COLLABORATION,2.0,1429.1699829101562,1
CHINA,OLD E,2.0,575.2200164794922,2
Europe,OLD MCM TRAVEL COLLECTION,2.0,2325.0,1
Europe,OLD KOREA,2.0,134.5800018310547,2
HMS,OLD SKYWARD,2.0,970.0,2
HMS,OLD STARK,2.0,-312.1500244140625,2
CHINA,FASHION SHOW,1.0,44.25,1
North,MILANO,1.0,-1075.7999877929688,3
North,M-BAR,1.0,195.0,1
Japan,OLD TERRAIN DERBY,1.0,10200.0,1
Japan,OLD STARK,1.0,74700.0,1
HMS,OLD TERRAIN DERBY,1.0,150.0,1
HMS,OLD BERLIN,1.0,370.0899963378906,1
CHINA,PRINCESS LION,1.0,127.43000030517578,1
HMS,OLD TRISHA,1.0,2160.0,1
Japan,FEDERLITE,1.0,67000.0,1
HMS,OLD MCM TRAVEL COLLECTION,1.0,2082.610107421875,1
CHINA,X-LINE,1.0,132.74000549316406,1
North,OLD SKYOPTIC STUD VISETOS,1.0,375.0,1
North,PRINCESS LION,1.0,106.8000030517578,1
HMS,DUKE,1.0,400.0,1
Japan,OLD SKYWARD,1.0,12800.0,1
Japan,OLD ELLA,1.0,1820.0,1
Japan,OLD MILANO,1.0,54600.0,1
Japan,OLD NOVELTY LINE,1.0,16000.0,1
Europe,OLD COBURG,1.0,52.93999862670898,1
Europe,OLD DIETER,1.0,178.0800018310547,1
Europe,PATRICIA,1.0,457.55999755859375,1
Korea,PRINCESS LION,1.0,-21818.0,2
Korea,LEO,1.0,45455.0,1
Korea,OLD NOVELTY LINE,1.0,184000.0,1
Korea,BOSTON M,1.0,109091.0,1
Korea,MCM ANIMAL,1.0,836364.0,1
Korea,OLD SKYWARD,1.0,63636.0,1
Europe,OLD M-BAR,1.0,158.82000732421875,1
Korea,VERY MCM,1.0,45455.0,1
North,OLD KOREA,1.0,59.0,1
Middle-East,BERLIN,1.0,6086.669921875,1
Europe,OLD MILLIE,1.0,161.75999450683594,1
North,OLD MCM TRAVEL COLLECTION,1.0,240.0,1
Middle-East,DIA,1.0,4733.330078125,1
Middle-East,KLARA,1.0,2009.52001953125,1
North,OLD COLOR VISETOS,1.0,219.0,1
North,OLD PATRICIA,1.0,94.8000030517578,1
CHINA,OLD MONA,1.0,265.489990234375,1
North,OLD DUKE,1.0,900.0,1
CHINA,OLD DENIM SERIES,1.0,1221.239990234375,1
CHINA,OLD LUXURY,1.0,4.429999828338623,1
North,VISETOS,1.0,165.0,1
Middle-East,OLD MCM COLLECTION,1.0,72.37999725341797,1
North,X-LINE,1.0,77.0,1
Europe,OLD ESSENTIAL,0.0,-340.3399963378906,1
