demand_class,abc_class,stock_risk,promo_influence,recommended_action,sku_count,total_qty,avg_weekly_velocity,avg_coverage_weeks
Erratic,A,low,high,pre-position_inventory_before_promotion_window,21,712423.0,110.07936507936508,49.85281711426327
Lumpy,A,low,unknown,use_intermittent_or_hierarchical_forecast,1204,626640.0,0.6535852713178294,95.28240828217066
Intermittent,B,low,unknown,use_intermittent_or_hierarchical_forecast,2670,251277.0,0.350749063670412,72.46293132596217
Intermittent,A,low,unknown,use_intermittent_or_hierarchical_forecast,440,186087.0,1.425189393939394,60.63759154981666
Lumpy,A,low,low,use_intermittent_or_hierarchical_forecast,55,172891.0,1.2121212121212122,49.47055726507122
Lumpy,B,low,unknown,use_intermittent_or_hierarchical_forecast,1301,154504.0,0.11612861901101718,53.20879399992203
Erratic,A,low,unknown,monitor_with_weekly_baseline,40,153608.0,42.66875,59.48191405899431
Intermittent,C,low,unknown,use_intermittent_or_hierarchical_forecast,9697,117624.0,0.0320030249905469,108.23536531243892
Lumpy,A,low,high,use_intermittent_or_hierarchical_forecast,15,75926.0,0.0,
Erratic,A,low,low,monitor_with_weekly_baseline,9,61648.0,5.5740740740740735,48.43394951056408
Lumpy,A,low,medium,use_intermittent_or_hierarchical_forecast,24,61184.0,1.4375,39.57485278086495
Lumpy,A,low,high,pre-position_inventory_before_promotion_window,17,51584.0,11.156862745098039,59.99299806205592
Erratic,A,low,medium,monitor_with_weekly_baseline,4,34309.0,32.625,25.1959257528615
Lumpy,A,high,unknown,replenish_or_rebalance_before_next_sales_cycle,54,25148.0,3.2731481481481484,1.266927978061752
Smooth,A,low,unknown,monitor_with_weekly_baseline,18,24598.0,28.291666666666668,58.743771574353154
Lumpy,A,medium,unknown,use_intermittent_or_hierarchical_forecast,35,20922.0,5.79047619047619,5.859449971751644
Erratic,A,medium,low,monitor_with_weekly_baseline,2,17782.0,19.083333333333332,5.4640685461580984
Lumpy,C,low,unknown,use_intermittent_or_hierarchical_forecast,705,17424.0,0.014657210401891253,131.97455357142857
Intermittent,A,medium,unknown,use_intermittent_or_hierarchical_forecast,19,9673.0,3.267543859649123,5.517647041458834
Lumpy,A,high,high,replenish_or_rebalance_before_next_sales_cycle,3,9431.0,0.638888888888889,1.87012987012987
Lumpy,A,medium,low,use_intermittent_or_hierarchical_forecast,3,7893.0,0.8611111111111112,4.78796992481203
Intermittent,A,high,unknown,replenish_or_rebalance_before_next_sales_cycle,22,7704.0,1.746212121212121,1.1410744195112266
Intermittent,B,high,unknown,use_intermittent_or_hierarchical_forecast,73,7641.0,0.4965753424657534,1.0408559337440209
Intermittent,B,medium,unknown,use_intermittent_or_hierarchical_forecast,53,5521.0,1.7342767295597485,5.690805010024853
Lumpy,A,medium,medium,use_intermittent_or_hierarchical_forecast,1,4557.0,0.75,4.0
Erratic,A,high,low,replenish_or_rebalance_before_next_sales_cycle,1,4402.0,49.25,3.3096446700507616
Lumpy,B,high,unknown,use_intermittent_or_hierarchical_forecast,32,4111.0,1.2682291666666667,0.7042621307746478
Intermittent,C,low,unknown,cold_start_attribute_pooling,446,4076.0,0.6367713004484304,273.72355370978613
Intermittent,A,low,low,use_intermittent_or_hierarchical_forecast,2,3559.0,0.5,48.0
Smooth,A,low,low,monitor_with_weekly_baseline,1,3094.0,8.25,28.363636363636363
Smooth,A,low,high,pre-position_inventory_before_promotion_window,1,3091.0,5.833333333333333,26.742857142857144
Erratic,A,medium,unknown,monitor_with_weekly_baseline,2,2923.0,29.041666666666664,4.897527200791297
Intermittent,B,low,unknown,cold_start_attribute_pooling,34,2838.0,5.615196078431373,47.99034998866756
Lumpy,A,medium,high,pre-position_inventory_before_promotion_window,1,2803.0,8.416666666666666,7.128712871287129
Smooth,A,low,unknown,cold_start_attribute_pooling,6,2603.0,33.86111111111111,87.62275636034383
Intermittent,C,high,unknown,use_intermittent_or_hierarchical_forecast,95,2175.0,0.2868421052631579,0.35656553972343447
Intermittent,A,low,medium,use_intermittent_or_hierarchical_forecast,1,2114.0,5.916666666666667,21.633802816901408
Erratic,A,low,unknown,cold_start_attribute_pooling,5,1870.0,28.78333333333333,31.58223378249746
Smooth,A,low,medium,monitor_with_weekly_baseline,1,1866.0,15.666666666666666,31.97872340425532
Lumpy,B,medium,unknown,use_intermittent_or_hierarchical_forecast,14,1761.0,1.4285714285714286,5.652501824131603
Lumpy,A,high,medium,replenish_or_rebalance_before_next_sales_cycle,1,1744.0,0.08333333333333333,0.0
Lumpy,A,low,unknown,cold_start_attribute_pooling,4,1188.0,9.770833333333332,29.5153971794954
Intermittent,C,medium,unknown,use_intermittent_or_hierarchical_forecast,42,1099.0,0.47817460317460314,5.338466295609153
Smooth,A,medium,unknown,cold_start_attribute_pooling,1,945.0,76.41666666666667,7.563794983642311
Erratic,A,high,unknown,replenish_or_rebalance_before_next_sales_cycle,2,928.0,22.833333333333332,1.9957356076759063
Intermittent,B,high,unknown,cold_start_attribute_pooling,8,830.0,6.96875,2.7823841596742955
Smooth,B,low,unknown,cold_start_attribute_pooling,7,797.0,9.857142857142858,45.105413406955776
Lumpy,B,low,unknown,cold_start_attribute_pooling,7,757.0,7.988095238095238,22.67316796095048
Erratic,A,medium,unknown,cold_start_attribute_pooling,1,588.0,24.416666666666668,5.324232081911263
Lumpy,C,high,unknown,use_intermittent_or_hierarchical_forecast,15,455.0,0.2222222222222222,0.3333333333333333
Lumpy,B,high,unknown,cold_start_attribute_pooling,5,393.0,5.416666666666666,1.7262006790773914
Intermittent,B,medium,unknown,cold_start_attribute_pooling,3,353.0,7.6944444444444455,6.556112673759732
Lumpy,A,medium,unknown,cold_start_attribute_pooling,1,247.0,12.0,7.833333333333333
Intermittent,C,medium,unknown,cold_start_attribute_pooling,8,206.0,1.8125,5.896827722848594
Smooth,B,high,unknown,cold_start_attribute_pooling,1,193.0,14.333333333333334,3.2093023255813953
Intermittent,C,high,unknown,cold_start_attribute_pooling,18,144.0,0.5972222222222222,0.47980859010270777
Lumpy,C,high,unknown,cold_start_attribute_pooling,5,127.0,2.1333333333333333,1.2539883040935673
Lumpy,C,low,unknown,cold_start_attribute_pooling,4,119.0,2.5625,124.86674669867946
Lumpy,C,medium,unknown,use_intermittent_or_hierarchical_forecast,3,99.0,0.5555555555555555,4.787878787878788
Lumpy,C,medium,unknown,cold_start_attribute_pooling,2,86.0,3.75,5.599800895968144
Lumpy,B,medium,unknown,cold_start_attribute_pooling,1,54.0,4.666666666666667,6.642857142857142
Smooth,C,low,unknown,cold_start_attribute_pooling,3,42.0,1.1944444444444444,292.6153846153846
Insufficient,No Sales,low,unknown,cold_start_attribute_pooling,24,0.0,0.0,
